CREATE TABLE IF NOT EXISTS "auth_group" ("id" integer NOT NULL PRIMARY KEY AUTOINCREMENT, "name" varchar(150) NOT NULL UNIQUE);
CREATE UNIQUE INDEX "auth_group_permissions_group_id_permission_id_0cd325b0_uniq" ON "auth_group_permissions" ("group_id", "permission_id");
CREATE INDEX IF NOT EXISTS "auth_group_permissions_group_id_b120cbf9" ON "auth_group_permissions" ("group_id");
CREATE INDEX IF NOT EXISTS "auth_group_permissions_permission_id_84c5c92e" ON "auth_group_permissions" ("permission_id");
CREATE UNIQUE INDEX "auth_user_groups_user_id_group_id_94350c0c_uniq" ON "auth_user_groups" ("user_id", "group_id");
CREATE INDEX IF NOT EXISTS "auth_user_groups_user_id_6a12ed8b" ON "auth_user_groups" ("user_id");
CREATE INDEX IF NOT EXISTS "auth_user_groups_group_id_97559544" ON "auth_user_groups" ("group_id");
CREATE UNIQUE INDEX "auth_user_user_permissions_user_id_permission_id_14a6b632_uniq" ON "auth_user_user_permissions" ("user_id", "permission_id");
CREATE INDEX IF NOT EXISTS "auth_user_user_permissions_user_id_a95ead1b" ON "auth_user_user_permissions" ("user_id");
CREATE INDEX IF NOT EXISTS "auth_user_user_permissions_permission_id_1fbb5f2c" ON "auth_user_user_permissions" ("permission_id");
CREATE INDEX IF NOT EXISTS "django_admin_log_content_type_id_c4bce8eb" ON "django_admin_log" ("content_type_id");
CREATE INDEX IF NOT EXISTS "django_admin_log_user_id_c564eba6" ON "django_admin_log" ("user_id");
CREATE UNIQUE INDEX "django_content_type_app_label_model_76bd3d3b_uniq" ON "django_content_type" ("app_label", "model");
CREATE UNIQUE INDEX "auth_permission_content_type_id_codename_01ab375a_uniq" ON "auth_permission" ("content_type_id", "codename");
CREATE INDEX IF NOT EXISTS "auth_permission_content_type_id_2f476e4b" ON "auth_permission" ("content_type_id");
CREATE INDEX IF NOT EXISTS "django_session_expire_date_a5c62663" ON "django_session" ("expire_date");
CREATE INDEX IF NOT EXISTS "posApp_products_category_id_id_46bd9586" ON "posApp_products" ("category_id_id");
CREATE INDEX IF NOT EXISTS "posApp_salesitems_product_id_id_fc74a6d5" ON "posApp_salesitems" ("product_id_id");
CREATE INDEX IF NOT EXISTS "posApp_salesitems_sale_id_id_dc0c6e0b" ON "posApp_salesitems" ("sale_id_id");
CREATE INDEX IF NOT EXISTS "django_apscheduler_djangojob_next_run_time_2f022619" ON "django_apscheduler_djangojob" ("next_run_time");
CREATE INDEX IF NOT EXISTS "django_apscheduler_djangojobexecution_run_time_16edd96b" ON "django_apscheduler_djangojobexecution" ("run_time");
CREATE INDEX IF NOT EXISTS "django_apscheduler_djangojobexecution_job_id_daf5090a" ON "django_apscheduler_djangojobexecution" ("job_id");
CREATE INDEX IF NOT EXISTS "posApp_inventoryrecord_product_name_id_3ce4501c" ON "posApp_inventoryrecord" ("product_name_id");
CREATE TABLE IF NOT EXISTS "auth_group_permissions" ("id" integer NOT NULL PRIMARY KEY AUTOINCREMENT, "group_id" integer NOT NULL REFERENCES "auth_group" ("id") DEFERRABLE INITIALLY DEFERRED, "permission_id" integer NOT NULL REFERENCES "auth_permission" ("id") DEFERRABLE INITIALLY DEFERRED);
CREATE UNIQUE INDEX "auth_group_permissions_group_id_permission_id_0cd325b0_uniq" ON "auth_group_permissions" ("group_id", "permission_id");
CREATE INDEX IF NOT EXISTS "auth_group_permissions_group_id_b120cbf9" ON "auth_group_permissions" ("group_id");
CREATE INDEX IF NOT EXISTS "auth_group_permissions_permission_id_84c5c92e" ON "auth_group_permissions" ("permission_id");
CREATE UNIQUE INDEX "auth_user_groups_user_id_group_id_94350c0c_uniq" ON "auth_user_groups" ("user_id", "group_id");
CREATE INDEX IF NOT EXISTS "auth_user_groups_user_id_6a12ed8b" ON "auth_user_groups" ("user_id");
CREATE INDEX IF NOT EXISTS "auth_user_groups_group_id_97559544" ON "auth_user_groups" ("group_id");
CREATE UNIQUE INDEX "auth_user_user_permissions_user_id_permission_id_14a6b632_uniq" ON "auth_user_user_permissions" ("user_id", "permission_id");
CREATE INDEX IF NOT EXISTS "auth_user_user_permissions_user_id_a95ead1b" ON "auth_user_user_permissions" ("user_id");
CREATE INDEX IF NOT EXISTS "auth_user_user_permissions_permission_id_1fbb5f2c" ON "auth_user_user_permissions" ("permission_id");
CREATE INDEX IF NOT EXISTS "django_admin_log_content_type_id_c4bce8eb" ON "django_admin_log" ("content_type_id");
CREATE INDEX IF NOT EXISTS "django_admin_log_user_id_c564eba6" ON "django_admin_log" ("user_id");
CREATE UNIQUE INDEX "django_content_type_app_label_model_76bd3d3b_uniq" ON "django_content_type" ("app_label", "model");
CREATE UNIQUE INDEX "auth_permission_content_type_id_codename_01ab375a_uniq" ON "auth_permission" ("content_type_id", "codename");
CREATE INDEX IF NOT EXISTS "auth_permission_content_type_id_2f476e4b" ON "auth_permission" ("content_type_id");
CREATE INDEX IF NOT EXISTS "django_session_expire_date_a5c62663" ON "django_session" ("expire_date");
CREATE INDEX IF NOT EXISTS "posApp_products_category_id_id_46bd9586" ON "posApp_products" ("category_id_id");
CREATE INDEX IF NOT EXISTS "posApp_salesitems_product_id_id_fc74a6d5" ON "posApp_salesitems" ("product_id_id");
CREATE INDEX IF NOT EXISTS "posApp_salesitems_sale_id_id_dc0c6e0b" ON "posApp_salesitems" ("sale_id_id");
CREATE INDEX IF NOT EXISTS "django_apscheduler_djangojob_next_run_time_2f022619" ON "django_apscheduler_djangojob" ("next_run_time");
CREATE INDEX IF NOT EXISTS "django_apscheduler_djangojobexecution_run_time_16edd96b" ON "django_apscheduler_djangojobexecution" ("run_time");
CREATE INDEX IF NOT EXISTS "django_apscheduler_djangojobexecution_job_id_daf5090a" ON "django_apscheduler_djangojobexecution" ("job_id");
CREATE INDEX IF NOT EXISTS "posApp_inventoryrecord_product_name_id_3ce4501c" ON "posApp_inventoryrecord" ("product_name_id");
CREATE TABLE IF NOT EXISTS "auth_permission" ("id" integer NOT NULL PRIMARY KEY AUTOINCREMENT, "content_type_id" integer NOT NULL REFERENCES "django_content_type" ("id") DEFERRABLE INITIALLY DEFERRED, "codename" varchar(100) NOT NULL, "name" varchar(255) NOT NULL);
INSERT INTO "auth_permission" VALUES(1,1,'add_logentry','Can add log entry');
INSERT INTO "auth_permission" VALUES(2,1,'change_logentry','Can change log entry');
INSERT INTO "auth_permission" VALUES(3,1,'delete_logentry','Can delete log entry');
INSERT INTO "auth_permission" VALUES(4,1,'view_logentry','Can view log entry');
INSERT INTO "auth_permission" VALUES(5,2,'add_permission','Can add permission');
INSERT INTO "auth_permission" VALUES(6,2,'change_permission','Can change permission');
INSERT INTO "auth_permission" VALUES(7,2,'delete_permission','Can delete permission');
INSERT INTO "auth_permission" VALUES(8,2,'view_permission','Can view permission');
INSERT INTO "auth_permission" VALUES(9,3,'add_group','Can add group');
INSERT INTO "auth_permission" VALUES(10,3,'change_group','Can change group');
INSERT INTO "auth_permission" VALUES(11,3,'delete_group','Can delete group');
INSERT INTO "auth_permission" VALUES(12,3,'view_group','Can view group');
INSERT INTO "auth_permission" VALUES(13,4,'add_user','Can add user');
INSERT INTO "auth_permission" VALUES(14,4,'change_user','Can change user');
INSERT INTO "auth_permission" VALUES(15,4,'delete_user','Can delete user');
INSERT INTO "auth_permission" VALUES(16,4,'view_user','Can view user');
INSERT INTO "auth_permission" VALUES(17,5,'add_contenttype','Can add content type');
INSERT INTO "auth_permission" VALUES(18,5,'change_contenttype','Can change content type');
INSERT INTO "auth_permission" VALUES(19,5,'delete_contenttype','Can delete content type');
INSERT INTO "auth_permission" VALUES(20,5,'view_contenttype','Can view content type');
INSERT INTO "auth_permission" VALUES(21,6,'add_session','Can add session');
INSERT INTO "auth_permission" VALUES(22,6,'change_session','Can change session');
INSERT INTO "auth_permission" VALUES(23,6,'delete_session','Can delete session');
INSERT INTO "auth_permission" VALUES(24,6,'view_session','Can view session');
INSERT INTO "auth_permission" VALUES(25,7,'add_category','Can add category');
INSERT INTO "auth_permission" VALUES(26,7,'change_category','Can change category');
INSERT INTO "auth_permission" VALUES(27,7,'delete_category','Can delete category');
INSERT INTO "auth_permission" VALUES(28,7,'view_category','Can view category');
INSERT INTO "auth_permission" VALUES(29,8,'add_products','Can add products');
INSERT INTO "auth_permission" VALUES(30,8,'change_products','Can change products');
INSERT INTO "auth_permission" VALUES(31,8,'delete_products','Can delete products');
INSERT INTO "auth_permission" VALUES(32,8,'view_products','Can view products');
INSERT INTO "auth_permission" VALUES(33,9,'add_sales','Can add sales');
INSERT INTO "auth_permission" VALUES(34,9,'change_sales','Can change sales');
INSERT INTO "auth_permission" VALUES(35,9,'delete_sales','Can delete sales');
INSERT INTO "auth_permission" VALUES(36,9,'view_sales','Can view sales');
INSERT INTO "auth_permission" VALUES(37,10,'add_salesitems','Can add sales items');
INSERT INTO "auth_permission" VALUES(38,10,'change_salesitems','Can change sales items');
INSERT INTO "auth_permission" VALUES(39,10,'delete_salesitems','Can delete sales items');
INSERT INTO "auth_permission" VALUES(40,10,'view_salesitems','Can view sales items');
INSERT INTO "auth_permission" VALUES(41,11,'add_inventoryrecord','Can add inventoryrecord');
INSERT INTO "auth_permission" VALUES(42,11,'change_inventoryrecord','Can change inventoryrecord');
INSERT INTO "auth_permission" VALUES(43,11,'delete_inventoryrecord','Can delete inventoryrecord');
INSERT INTO "auth_permission" VALUES(44,11,'view_inventoryrecord','Can view inventoryrecord');
INSERT INTO "auth_permission" VALUES(45,12,'add_djangojob','Can add django job');
INSERT INTO "auth_permission" VALUES(46,12,'change_djangojob','Can change django job');
INSERT INTO "auth_permission" VALUES(47,12,'delete_djangojob','Can delete django job');
INSERT INTO "auth_permission" VALUES(48,12,'view_djangojob','Can view django job');
INSERT INTO "auth_permission" VALUES(49,13,'add_djangojobexecution','Can add django job execution');
INSERT INTO "auth_permission" VALUES(50,13,'change_djangojobexecution','Can change django job execution');
INSERT INTO "auth_permission" VALUES(51,13,'delete_djangojobexecution','Can delete django job execution');
INSERT INTO "auth_permission" VALUES(52,13,'view_djangojobexecution','Can view django job execution');
CREATE UNIQUE INDEX "auth_group_permissions_group_id_permission_id_0cd325b0_uniq" ON "auth_group_permissions" ("group_id", "permission_id");
CREATE INDEX IF NOT EXISTS "auth_group_permissions_group_id_b120cbf9" ON "auth_group_permissions" ("group_id");
CREATE INDEX IF NOT EXISTS "auth_group_permissions_permission_id_84c5c92e" ON "auth_group_permissions" ("permission_id");
CREATE UNIQUE INDEX "auth_user_groups_user_id_group_id_94350c0c_uniq" ON "auth_user_groups" ("user_id", "group_id");
CREATE INDEX IF NOT EXISTS "auth_user_groups_user_id_6a12ed8b" ON "auth_user_groups" ("user_id");
CREATE INDEX IF NOT EXISTS "auth_user_groups_group_id_97559544" ON "auth_user_groups" ("group_id");
CREATE UNIQUE INDEX "auth_user_user_permissions_user_id_permission_id_14a6b632_uniq" ON "auth_user_user_permissions" ("user_id", "permission_id");
CREATE INDEX IF NOT EXISTS "auth_user_user_permissions_user_id_a95ead1b" ON "auth_user_user_permissions" ("user_id");
CREATE INDEX IF NOT EXISTS "auth_user_user_permissions_permission_id_1fbb5f2c" ON "auth_user_user_permissions" ("permission_id");
CREATE INDEX IF NOT EXISTS "django_admin_log_content_type_id_c4bce8eb" ON "django_admin_log" ("content_type_id");
CREATE INDEX IF NOT EXISTS "django_admin_log_user_id_c564eba6" ON "django_admin_log" ("user_id");
CREATE UNIQUE INDEX "django_content_type_app_label_model_76bd3d3b_uniq" ON "django_content_type" ("app_label", "model");
CREATE UNIQUE INDEX "auth_permission_content_type_id_codename_01ab375a_uniq" ON "auth_permission" ("content_type_id", "codename");
CREATE INDEX IF NOT EXISTS "auth_permission_content_type_id_2f476e4b" ON "auth_permission" ("content_type_id");
CREATE INDEX IF NOT EXISTS "django_session_expire_date_a5c62663" ON "django_session" ("expire_date");
CREATE INDEX IF NOT EXISTS "posApp_products_category_id_id_46bd9586" ON "posApp_products" ("category_id_id");
CREATE INDEX IF NOT EXISTS "posApp_salesitems_product_id_id_fc74a6d5" ON "posApp_salesitems" ("product_id_id");
CREATE INDEX IF NOT EXISTS "posApp_salesitems_sale_id_id_dc0c6e0b" ON "posApp_salesitems" ("sale_id_id");
CREATE INDEX IF NOT EXISTS "django_apscheduler_djangojob_next_run_time_2f022619" ON "django_apscheduler_djangojob" ("next_run_time");
CREATE INDEX IF NOT EXISTS "django_apscheduler_djangojobexecution_run_time_16edd96b" ON "django_apscheduler_djangojobexecution" ("run_time");
CREATE INDEX IF NOT EXISTS "django_apscheduler_djangojobexecution_job_id_daf5090a" ON "django_apscheduler_djangojobexecution" ("job_id");
CREATE INDEX IF NOT EXISTS "posApp_inventoryrecord_product_name_id_3ce4501c" ON "posApp_inventoryrecord" ("product_name_id");
CREATE TABLE IF NOT EXISTS "auth_user" ("id" integer NOT NULL PRIMARY KEY AUTOINCREMENT, "password" varchar(128) NOT NULL, "last_login" datetime NULL, "is_superuser" bool NOT NULL, "username" varchar(150) NOT NULL UNIQUE, "last_name" varchar(150) NOT NULL, "email" varchar(254) NOT NULL, "is_staff" bool NOT NULL, "is_active" bool NOT NULL, "date_joined" datetime NOT NULL, "first_name" varchar(150) NOT NULL);
INSERT INTO "auth_user" VALUES(1,'pbkdf2_sha256$390000$60Htm7sgRuUXSus2NCYRXG$5cADFlAzasGHBDHum50yyQXn/AbCSuFb5zZnimq0f90=','2023-01-13 13:19:53.829301',1,'admin','Admin','admin@admin.com',1,1,'2022-03-04 01:27:51','Admin');
INSERT INTO "auth_user" VALUES(4,'pbkdf2_sha256$180000$97B9VSAhqmhX$IYwNNH4itZQa6/G4/GcJ2pp6640n4pkfoEodugIc8o4=','2022-07-19 14:22:21.911122',1,'Admin','','admin@gmail.com',1,1,'2022-07-19 14:17:56.774065','');
INSERT INTO "auth_user" VALUES(9,'pbkdf2_sha256$390000$ODBqsB5eKvkeJOgY0KZ7EH$ZY/5gdfqvQsAd4I7HflungWaau6V2DL37bWVoUAUgIY=','2023-01-14 04:58:45.838119',0,'emp0000','Employee','',1,1,'2023-01-06 13:11:20','Employee');
INSERT INTO "auth_user" VALUES(10,'pbkdf2_sha256$260000$cEJoFCSZat7lw5J7wGOgp2$vK4dDIw7YdHFdSDulXqpmB3XzZJEFyXR3H9nhQWtKMw=','2023-01-08 20:15:00.592038',0,'employee','','',1,1,'2023-01-08 12:44:02','Aling Nena');
CREATE UNIQUE INDEX "auth_group_permissions_group_id_permission_id_0cd325b0_uniq" ON "auth_group_permissions" ("group_id", "permission_id");
CREATE INDEX IF NOT EXISTS "auth_group_permissions_group_id_b120cbf9" ON "auth_group_permissions" ("group_id");
CREATE INDEX IF NOT EXISTS "auth_group_permissions_permission_id_84c5c92e" ON "auth_group_permissions" ("permission_id");
CREATE UNIQUE INDEX "auth_user_groups_user_id_group_id_94350c0c_uniq" ON "auth_user_groups" ("user_id", "group_id");
CREATE INDEX IF NOT EXISTS "auth_user_groups_user_id_6a12ed8b" ON "auth_user_groups" ("user_id");
CREATE INDEX IF NOT EXISTS "auth_user_groups_group_id_97559544" ON "auth_user_groups" ("group_id");
CREATE UNIQUE INDEX "auth_user_user_permissions_user_id_permission_id_14a6b632_uniq" ON "auth_user_user_permissions" ("user_id", "permission_id");
CREATE INDEX IF NOT EXISTS "auth_user_user_permissions_user_id_a95ead1b" ON "auth_user_user_permissions" ("user_id");
CREATE INDEX IF NOT EXISTS "auth_user_user_permissions_permission_id_1fbb5f2c" ON "auth_user_user_permissions" ("permission_id");
CREATE INDEX IF NOT EXISTS "django_admin_log_content_type_id_c4bce8eb" ON "django_admin_log" ("content_type_id");
CREATE INDEX IF NOT EXISTS "django_admin_log_user_id_c564eba6" ON "django_admin_log" ("user_id");
CREATE UNIQUE INDEX "django_content_type_app_label_model_76bd3d3b_uniq" ON "django_content_type" ("app_label", "model");
CREATE UNIQUE INDEX "auth_permission_content_type_id_codename_01ab375a_uniq" ON "auth_permission" ("content_type_id", "codename");
CREATE INDEX IF NOT EXISTS "auth_permission_content_type_id_2f476e4b" ON "auth_permission" ("content_type_id");
CREATE INDEX IF NOT EXISTS "django_session_expire_date_a5c62663" ON "django_session" ("expire_date");
CREATE INDEX IF NOT EXISTS "posApp_products_category_id_id_46bd9586" ON "posApp_products" ("category_id_id");
CREATE INDEX IF NOT EXISTS "posApp_salesitems_product_id_id_fc74a6d5" ON "posApp_salesitems" ("product_id_id");
CREATE INDEX IF NOT EXISTS "posApp_salesitems_sale_id_id_dc0c6e0b" ON "posApp_salesitems" ("sale_id_id");
CREATE INDEX IF NOT EXISTS "django_apscheduler_djangojob_next_run_time_2f022619" ON "django_apscheduler_djangojob" ("next_run_time");
CREATE INDEX IF NOT EXISTS "django_apscheduler_djangojobexecution_run_time_16edd96b" ON "django_apscheduler_djangojobexecution" ("run_time");
CREATE INDEX IF NOT EXISTS "django_apscheduler_djangojobexecution_job_id_daf5090a" ON "django_apscheduler_djangojobexecution" ("job_id");
CREATE INDEX IF NOT EXISTS "posApp_inventoryrecord_product_name_id_3ce4501c" ON "posApp_inventoryrecord" ("product_name_id");
CREATE TABLE IF NOT EXISTS "auth_user_groups" ("id" integer NOT NULL PRIMARY KEY AUTOINCREMENT, "user_id" integer NOT NULL REFERENCES "auth_user" ("id") DEFERRABLE INITIALLY DEFERRED, "group_id" integer NOT NULL REFERENCES "auth_group" ("id") DEFERRABLE INITIALLY DEFERRED);
CREATE UNIQUE INDEX "auth_group_permissions_group_id_permission_id_0cd325b0_uniq" ON "auth_group_permissions" ("group_id", "permission_id");
CREATE INDEX IF NOT EXISTS "auth_group_permissions_group_id_b120cbf9" ON "auth_group_permissions" ("group_id");
CREATE INDEX IF NOT EXISTS "auth_group_permissions_permission_id_84c5c92e" ON "auth_group_permissions" ("permission_id");
CREATE UNIQUE INDEX "auth_user_groups_user_id_group_id_94350c0c_uniq" ON "auth_user_groups" ("user_id", "group_id");
CREATE INDEX IF NOT EXISTS "auth_user_groups_user_id_6a12ed8b" ON "auth_user_groups" ("user_id");
CREATE INDEX IF NOT EXISTS "auth_user_groups_group_id_97559544" ON "auth_user_groups" ("group_id");
CREATE UNIQUE INDEX "auth_user_user_permissions_user_id_permission_id_14a6b632_uniq" ON "auth_user_user_permissions" ("user_id", "permission_id");
CREATE INDEX IF NOT EXISTS "auth_user_user_permissions_user_id_a95ead1b" ON "auth_user_user_permissions" ("user_id");
CREATE INDEX IF NOT EXISTS "auth_user_user_permissions_permission_id_1fbb5f2c" ON "auth_user_user_permissions" ("permission_id");
CREATE INDEX IF NOT EXISTS "django_admin_log_content_type_id_c4bce8eb" ON "django_admin_log" ("content_type_id");
CREATE INDEX IF NOT EXISTS "django_admin_log_user_id_c564eba6" ON "django_admin_log" ("user_id");
CREATE UNIQUE INDEX "django_content_type_app_label_model_76bd3d3b_uniq" ON "django_content_type" ("app_label", "model");
CREATE UNIQUE INDEX "auth_permission_content_type_id_codename_01ab375a_uniq" ON "auth_permission" ("content_type_id", "codename");
CREATE INDEX IF NOT EXISTS "auth_permission_content_type_id_2f476e4b" ON "auth_permission" ("content_type_id");
CREATE INDEX IF NOT EXISTS "django_session_expire_date_a5c62663" ON "django_session" ("expire_date");
CREATE INDEX IF NOT EXISTS "posApp_products_category_id_id_46bd9586" ON "posApp_products" ("category_id_id");
CREATE INDEX IF NOT EXISTS "posApp_salesitems_product_id_id_fc74a6d5" ON "posApp_salesitems" ("product_id_id");
CREATE INDEX IF NOT EXISTS "posApp_salesitems_sale_id_id_dc0c6e0b" ON "posApp_salesitems" ("sale_id_id");
CREATE INDEX IF NOT EXISTS "django_apscheduler_djangojob_next_run_time_2f022619" ON "django_apscheduler_djangojob" ("next_run_time");
CREATE INDEX IF NOT EXISTS "django_apscheduler_djangojobexecution_run_time_16edd96b" ON "django_apscheduler_djangojobexecution" ("run_time");
CREATE INDEX IF NOT EXISTS "django_apscheduler_djangojobexecution_job_id_daf5090a" ON "django_apscheduler_djangojobexecution" ("job_id");
CREATE INDEX IF NOT EXISTS "posApp_inventoryrecord_product_name_id_3ce4501c" ON "posApp_inventoryrecord" ("product_name_id");
CREATE TABLE IF NOT EXISTS "auth_user_user_permissions" ("id" integer NOT NULL PRIMARY KEY AUTOINCREMENT, "user_id" integer NOT NULL REFERENCES "auth_user" ("id") DEFERRABLE INITIALLY DEFERRED, "permission_id" integer NOT NULL REFERENCES "auth_permission" ("id") DEFERRABLE INITIALLY DEFERRED);
INSERT INTO "auth_user_user_permissions" VALUES(1,10,1);
INSERT INTO "auth_user_user_permissions" VALUES(2,10,2);
INSERT INTO "auth_user_user_permissions" VALUES(3,10,3);
INSERT INTO "auth_user_user_permissions" VALUES(4,10,4);
INSERT INTO "auth_user_user_permissions" VALUES(5,10,5);
INSERT INTO "auth_user_user_permissions" VALUES(6,10,6);
INSERT INTO "auth_user_user_permissions" VALUES(7,10,7);
INSERT INTO "auth_user_user_permissions" VALUES(8,10,8);
INSERT INTO "auth_user_user_permissions" VALUES(9,10,9);
INSERT INTO "auth_user_user_permissions" VALUES(10,10,10);
INSERT INTO "auth_user_user_permissions" VALUES(11,10,11);
INSERT INTO "auth_user_user_permissions" VALUES(12,10,12);
INSERT INTO "auth_user_user_permissions" VALUES(13,10,13);
INSERT INTO "auth_user_user_permissions" VALUES(14,10,14);
INSERT INTO "auth_user_user_permissions" VALUES(15,10,15);
INSERT INTO "auth_user_user_permissions" VALUES(16,10,16);
INSERT INTO "auth_user_user_permissions" VALUES(17,10,17);
INSERT INTO "auth_user_user_permissions" VALUES(18,10,18);
INSERT INTO "auth_user_user_permissions" VALUES(19,10,19);
INSERT INTO "auth_user_user_permissions" VALUES(20,10,20);
INSERT INTO "auth_user_user_permissions" VALUES(21,10,21);
INSERT INTO "auth_user_user_permissions" VALUES(22,10,22);
INSERT INTO "auth_user_user_permissions" VALUES(23,10,23);
INSERT INTO "auth_user_user_permissions" VALUES(24,10,24);
INSERT INTO "auth_user_user_permissions" VALUES(25,10,25);
INSERT INTO "auth_user_user_permissions" VALUES(26,10,26);
INSERT INTO "auth_user_user_permissions" VALUES(27,10,27);
INSERT INTO "auth_user_user_permissions" VALUES(28,10,28);
INSERT INTO "auth_user_user_permissions" VALUES(29,10,29);
INSERT INTO "auth_user_user_permissions" VALUES(30,10,30);
INSERT INTO "auth_user_user_permissions" VALUES(31,10,31);
INSERT INTO "auth_user_user_permissions" VALUES(32,10,32);
INSERT INTO "auth_user_user_permissions" VALUES(33,10,33);
INSERT INTO "auth_user_user_permissions" VALUES(34,10,34);
INSERT INTO "auth_user_user_permissions" VALUES(35,10,35);
INSERT INTO "auth_user_user_permissions" VALUES(36,10,36);
INSERT INTO "auth_user_user_permissions" VALUES(37,10,37);
INSERT INTO "auth_user_user_permissions" VALUES(38,10,38);
INSERT INTO "auth_user_user_permissions" VALUES(39,10,39);
INSERT INTO "auth_user_user_permissions" VALUES(40,10,40);
INSERT INTO "auth_user_user_permissions" VALUES(41,10,41);
INSERT INTO "auth_user_user_permissions" VALUES(42,10,42);
INSERT INTO "auth_user_user_permissions" VALUES(43,10,43);
INSERT INTO "auth_user_user_permissions" VALUES(44,10,44);
CREATE UNIQUE INDEX "auth_group_permissions_group_id_permission_id_0cd325b0_uniq" ON "auth_group_permissions" ("group_id", "permission_id");
CREATE INDEX IF NOT EXISTS "auth_group_permissions_group_id_b120cbf9" ON "auth_group_permissions" ("group_id");
CREATE INDEX IF NOT EXISTS "auth_group_permissions_permission_id_84c5c92e" ON "auth_group_permissions" ("permission_id");
CREATE UNIQUE INDEX "auth_user_groups_user_id_group_id_94350c0c_uniq" ON "auth_user_groups" ("user_id", "group_id");
CREATE INDEX IF NOT EXISTS "auth_user_groups_user_id_6a12ed8b" ON "auth_user_groups" ("user_id");
CREATE INDEX IF NOT EXISTS "auth_user_groups_group_id_97559544" ON "auth_user_groups" ("group_id");
CREATE UNIQUE INDEX "auth_user_user_permissions_user_id_permission_id_14a6b632_uniq" ON "auth_user_user_permissions" ("user_id", "permission_id");
CREATE INDEX IF NOT EXISTS "auth_user_user_permissions_user_id_a95ead1b" ON "auth_user_user_permissions" ("user_id");
CREATE INDEX IF NOT EXISTS "auth_user_user_permissions_permission_id_1fbb5f2c" ON "auth_user_user_permissions" ("permission_id");
CREATE INDEX IF NOT EXISTS "django_admin_log_content_type_id_c4bce8eb" ON "django_admin_log" ("content_type_id");
CREATE INDEX IF NOT EXISTS "django_admin_log_user_id_c564eba6" ON "django_admin_log" ("user_id");
CREATE UNIQUE INDEX "django_content_type_app_label_model_76bd3d3b_uniq" ON "django_content_type" ("app_label", "model");
CREATE UNIQUE INDEX "auth_permission_content_type_id_codename_01ab375a_uniq" ON "auth_permission" ("content_type_id", "codename");
CREATE INDEX IF NOT EXISTS "auth_permission_content_type_id_2f476e4b" ON "auth_permission" ("content_type_id");
CREATE INDEX IF NOT EXISTS "django_session_expire_date_a5c62663" ON "django_session" ("expire_date");
CREATE INDEX IF NOT EXISTS "posApp_products_category_id_id_46bd9586" ON "posApp_products" ("category_id_id");
CREATE INDEX IF NOT EXISTS "posApp_salesitems_product_id_id_fc74a6d5" ON "posApp_salesitems" ("product_id_id");
CREATE INDEX IF NOT EXISTS "posApp_salesitems_sale_id_id_dc0c6e0b" ON "posApp_salesitems" ("sale_id_id");
CREATE INDEX IF NOT EXISTS "django_apscheduler_djangojob_next_run_time_2f022619" ON "django_apscheduler_djangojob" ("next_run_time");
CREATE INDEX IF NOT EXISTS "django_apscheduler_djangojobexecution_run_time_16edd96b" ON "django_apscheduler_djangojobexecution" ("run_time");
CREATE INDEX IF NOT EXISTS "django_apscheduler_djangojobexecution_job_id_daf5090a" ON "django_apscheduler_djangojobexecution" ("job_id");
CREATE INDEX IF NOT EXISTS "posApp_inventoryrecord_product_name_id_3ce4501c" ON "posApp_inventoryrecord" ("product_name_id");
CREATE TABLE IF NOT EXISTS "django_admin_log" ("id" integer NOT NULL PRIMARY KEY AUTOINCREMENT, "action_time" datetime NOT NULL, "object_id" text NULL, "object_repr" varchar(200) NOT NULL, "change_message" text NOT NULL, "content_type_id" integer NULL REFERENCES "django_content_type" ("id") DEFERRABLE INITIALLY DEFERRED, "user_id" integer NOT NULL REFERENCES "auth_user" ("id") DEFERRABLE INITIALLY DEFERRED, "action_flag" smallint unsigned NOT NULL CHECK ("action_flag" >= 0));
INSERT INTO "django_admin_log" VALUES(1,'2022-03-04 02:28:57.784198','1','admin','[{"changed": {"fields": ["First name"]}}]',4,1,2);
INSERT INTO "django_admin_log" VALUES(2,'2022-03-04 07:56:39.030741','1','404400001','',9,1,3);
INSERT INTO "django_admin_log" VALUES(3,'2022-03-04 08:01:11.772726','3','0000001','',9,1,3);
INSERT INTO "django_admin_log" VALUES(4,'2022-03-04 08:01:11.780725','2','404400001','',9,1,3);
INSERT INTO "django_admin_log" VALUES(5,'2022-03-04 08:05:05.075486','4','0000001','',9,1,3);
INSERT INTO "django_admin_log" VALUES(6,'2022-03-04 08:06:32.418006','5','404400001','',9,1,3);
INSERT INTO "django_admin_log" VALUES(7,'2022-03-04 08:23:35.023850','18','404400013','',9,1,3);
INSERT INTO "django_admin_log" VALUES(8,'2022-03-04 08:23:35.038496','17','404400012','',9,1,3);
INSERT INTO "django_admin_log" VALUES(9,'2022-03-04 08:23:35.060488','16','404400011','',9,1,3);
INSERT INTO "django_admin_log" VALUES(10,'2022-03-04 08:23:35.069488','15','404400010','',9,1,3);
INSERT INTO "django_admin_log" VALUES(11,'2022-03-04 08:23:35.089455','14','404400009','',9,1,3);
INSERT INTO "django_admin_log" VALUES(12,'2022-03-04 08:23:35.098642','13','404400008','',9,1,3);
INSERT INTO "django_admin_log" VALUES(13,'2022-03-04 08:23:35.121407','12','404400007','',9,1,3);
INSERT INTO "django_admin_log" VALUES(14,'2022-03-04 08:23:35.136407','11','404400006','',9,1,3);
INSERT INTO "django_admin_log" VALUES(15,'2022-03-04 08:23:35.149409','10','404400005','',9,1,3);
INSERT INTO "django_admin_log" VALUES(16,'2022-03-04 08:23:35.165412','9','404400004','',9,1,3);
INSERT INTO "django_admin_log" VALUES(17,'2022-03-04 08:23:35.178411','8','404400003','',9,1,3);
INSERT INTO "django_admin_log" VALUES(18,'2022-03-04 08:23:35.198833','7','404400002','',9,1,3);
INSERT INTO "django_admin_log" VALUES(19,'2022-03-04 08:23:35.208831','6','404400001','',9,1,3);
INSERT INTO "django_admin_log" VALUES(20,'2022-03-04 08:28:58.941577','22','404400004','',9,1,3);
INSERT INTO "django_admin_log" VALUES(21,'2022-03-04 08:28:58.963579','21','404400003','',9,1,3);
INSERT INTO "django_admin_log" VALUES(22,'2022-03-04 08:28:58.972260','20','404400002','',9,1,3);
INSERT INTO "django_admin_log" VALUES(23,'2022-03-04 08:28:58.991659','19','404400001','',9,1,3);
INSERT INTO "django_admin_log" VALUES(24,'2022-03-04 08:29:26.066041','23','404400001','',9,1,3);
INSERT INTO "django_admin_log" VALUES(25,'2022-04-24 03:37:38.423790','2','@Janicomegio','[{"added": {}}]',4,1,1);
INSERT INTO "django_admin_log" VALUES(26,'2022-04-24 03:38:45.555824','2','@Janicomegio','[{"changed": {"fields": ["First name", "Last name", "Email address"]}}]',4,1,2);
INSERT INTO "django_admin_log" VALUES(27,'2022-04-24 03:39:15.625723','2','@Janicomegio','[{"changed": {"fields": ["Last name", "Staff status", "Superuser status"]}}]',4,1,2);
INSERT INTO "django_admin_log" VALUES(29,'2022-05-11 16:52:46.712565','1','Employee','[{"added": {}}]',3,1,1);
INSERT INTO "django_admin_log" VALUES(30,'2022-05-11 16:53:02.709494','1','Employee','[]',3,1,2);
INSERT INTO "django_admin_log" VALUES(31,'2022-06-09 06:10:42.759109','13','d1231231 - janico','[{"added": {}}]',8,1,1);
INSERT INTO "django_admin_log" VALUES(32,'2022-06-09 08:00:28.220064','14','222 - dsdasds','[]',8,1,2);
INSERT INTO "django_admin_log" VALUES(33,'2022-06-09 08:06:21.184818','15','ssdsdsd123424 - ikaw','[{"added": {}}]',8,1,1);
INSERT INTO "django_admin_log" VALUES(34,'2022-07-19 07:08:49.752295','3','janico','[{"added": {}}]',4,1,1);
INSERT INTO "django_admin_log" VALUES(35,'2022-07-19 07:08:56.214308','3','janico','[{"changed": {"fields": ["Staff status"]}}]',4,1,2);
INSERT INTO "django_admin_log" VALUES(36,'2022-07-19 07:59:15.632191','1','admin','[{"changed": {"fields": ["Staff status"]}}]',4,1,2);
INSERT INTO "django_admin_log" VALUES(37,'2022-07-19 14:18:58.437046','1','admin','[{"changed": {"fields": ["Staff status"]}}]',4,4,2);
INSERT INTO "django_admin_log" VALUES(38,'2022-07-19 14:19:06.210820','2','@Janicomegio','[{"changed": {"fields": ["Staff status"]}}]',4,4,2);
INSERT INTO "django_admin_log" VALUES(39,'2022-07-19 14:19:52.632631','3','janico','[{"changed": {"fields": ["First name", "Last name", "Staff status"]}}]',4,4,2);
INSERT INTO "django_admin_log" VALUES(40,'2022-07-19 14:20:17.741754','2','@Janicomegio','[{"changed": {"fields": ["First name", "Last name"]}}]',4,4,2);
INSERT INTO "django_admin_log" VALUES(41,'2022-07-19 14:21:54.938270','1','admin','[]',4,1,2);
INSERT INTO "django_admin_log" VALUES(42,'2022-08-02 14:54:45.832594','5','New Fabricon','[{"added": {}}]',7,1,1);
INSERT INTO "django_admin_log" VALUES(43,'2022-10-07 12:23:29.488445','3','janico','',4,1,3);
INSERT INTO "django_admin_log" VALUES(44,'2022-10-07 14:17:28.951772','5','employee','[{"added": {}}]',4,1,1);
INSERT INTO "django_admin_log" VALUES(45,'2022-10-07 14:17:37.603254','5','employee','[{"changed": {"fields": ["Staff status"]}}]',4,1,2);
INSERT INTO "django_admin_log" VALUES(46,'2022-10-14 04:54:38.967262','5','employee','[{"changed": {"fields": ["password"]}}]',4,1,2);
INSERT INTO "django_admin_log" VALUES(47,'2022-10-15 05:07:31.693008','5','employee','[{"changed": {"fields": ["First name", "Last name", "Email address"]}}]',4,1,2);
INSERT INTO "django_admin_log" VALUES(48,'2022-10-17 08:26:03.836391','5','employee','[{"changed": {"fields": ["Groups"]}}]',4,1,2);
INSERT INTO "django_admin_log" VALUES(49,'2022-10-25 12:18:33.583905','1','Employee','',3,1,3);
INSERT INTO "django_admin_log" VALUES(50,'2022-11-04 13:39:55.173925','5','employee','',4,1,3);
INSERT INTO "django_admin_log" VALUES(51,'2022-11-04 13:40:07.069555','2','@Janicomegio','',4,1,3);
INSERT INTO "django_admin_log" VALUES(52,'2022-11-04 13:40:15.754837','6','cali','',4,1,3);
INSERT INTO "django_admin_log" VALUES(53,'2022-11-04 13:41:59.333836','7','employee','[{"added": {}}]',4,1,1);
INSERT INTO "django_admin_log" VALUES(54,'2022-11-04 13:43:29.793075','7','employee','[{"changed": {"fields": ["First name", "Last name", "Email address", "Staff status"]}}]',4,1,2);
INSERT INTO "django_admin_log" VALUES(55,'2022-11-17 02:22:39.895866','1','admin','[{"changed": {"fields": ["First name", "Last name"]}}]',4,1,2);
INSERT INTO "django_admin_log" VALUES(56,'2022-11-24 12:59:12.675448','1','Inventoryrecord object (1)','[{"added": {}}]',11,1,1);
INSERT INTO "django_admin_log" VALUES(57,'2022-11-24 12:59:23.077476','1','Inventoryrecord object (1)','[]',11,1,2);
INSERT INTO "django_admin_log" VALUES(58,'2022-11-25 10:23:06.056889','1','Inventoryrecord object (1)','',11,1,3);
INSERT INTO "django_admin_log" VALUES(59,'2022-11-25 11:49:37.078290','7','Inventoryrecord object (7)','',11,1,3);
INSERT INTO "django_admin_log" VALUES(60,'2022-11-25 11:49:37.084278','6','Inventoryrecord object (6)','',11,1,3);
INSERT INTO "django_admin_log" VALUES(61,'2022-11-25 11:49:37.090280','5','Inventoryrecord object (5)','',11,1,3);
INSERT INTO "django_admin_log" VALUES(62,'2022-11-25 11:49:37.096279','4','Inventoryrecord object (4)','',11,1,3);
INSERT INTO "django_admin_log" VALUES(63,'2022-11-25 11:49:37.101784','3','Inventoryrecord object (3)','',11,1,3);
INSERT INTO "django_admin_log" VALUES(64,'2022-11-25 11:49:37.108790','2','Inventoryrecord object (2)','',11,1,3);
INSERT INTO "django_admin_log" VALUES(65,'2022-11-25 11:49:37.115962','1','Inventoryrecord object (1)','',11,1,3);
INSERT INTO "django_admin_log" VALUES(66,'2022-11-25 11:54:11.856837','8','Inventoryrecord object (8)','',11,1,3);
INSERT INTO "django_admin_log" VALUES(67,'2022-11-25 12:10:20.390154','11','Inventoryrecord object (11)','',11,1,3);
INSERT INTO "django_admin_log" VALUES(68,'2022-11-25 12:10:20.396398','10','Inventoryrecord object (10)','',11,1,3);
INSERT INTO "django_admin_log" VALUES(69,'2022-11-25 12:10:20.402408','9','Inventoryrecord object (9)','',11,1,3);
INSERT INTO "django_admin_log" VALUES(70,'2022-11-25 12:33:16.476377','14','Inventoryrecord object (14)','',11,1,3);
INSERT INTO "django_admin_log" VALUES(71,'2022-11-25 12:33:16.484442','13','Inventoryrecord object (13)','',11,1,3);
INSERT INTO "django_admin_log" VALUES(72,'2022-11-25 12:33:16.490445','12','Inventoryrecord object (12)','',11,1,3);
INSERT INTO "django_admin_log" VALUES(73,'2022-11-25 13:34:48.347534','33','Inventoryrecord object (33)','',11,1,3);
INSERT INTO "django_admin_log" VALUES(74,'2022-11-25 13:34:48.359311','32','Inventoryrecord object (32)','',11,1,3);
INSERT INTO "django_admin_log" VALUES(75,'2022-11-25 13:34:48.363843','31','Inventoryrecord object (31)','',11,1,3);
INSERT INTO "django_admin_log" VALUES(76,'2022-11-25 13:34:48.371858','30','Inventoryrecord object (30)','',11,1,3);
INSERT INTO "django_admin_log" VALUES(77,'2022-11-25 13:34:48.379857','29','Inventoryrecord object (29)','',11,1,3);
INSERT INTO "django_admin_log" VALUES(78,'2022-11-25 13:34:48.379857','28','Inventoryrecord object (28)','',11,1,3);
INSERT INTO "django_admin_log" VALUES(79,'2022-11-25 13:34:48.387859','27','Inventoryrecord object (27)','',11,1,3);
INSERT INTO "django_admin_log" VALUES(80,'2022-11-25 13:34:48.395861','26','Inventoryrecord object (26)','',11,1,3);
INSERT INTO "django_admin_log" VALUES(81,'2022-11-25 13:34:48.403864','25','Inventoryrecord object (25)','',11,1,3);
INSERT INTO "django_admin_log" VALUES(82,'2022-11-25 13:34:48.411858','24','Inventoryrecord object (24)','',11,1,3);
INSERT INTO "django_admin_log" VALUES(83,'2022-11-25 13:34:48.411858','23','Inventoryrecord object (23)','',11,1,3);
INSERT INTO "django_admin_log" VALUES(84,'2022-11-25 13:34:48.419858','22','Inventoryrecord object (22)','',11,1,3);
INSERT INTO "django_admin_log" VALUES(85,'2022-11-25 13:34:48.427855','21','Inventoryrecord object (21)','',11,1,3);
INSERT INTO "django_admin_log" VALUES(86,'2022-11-25 13:34:48.435859','20','Inventoryrecord object (20)','',11,1,3);
INSERT INTO "django_admin_log" VALUES(87,'2022-11-25 13:34:48.435859','19','Inventoryrecord object (19)','',11,1,3);
INSERT INTO "django_admin_log" VALUES(88,'2022-11-25 13:34:48.443869','18','Inventoryrecord object (18)','',11,1,3);
INSERT INTO "django_admin_log" VALUES(89,'2022-11-25 13:34:48.451864','17','Inventoryrecord object (17)','',11,1,3);
INSERT INTO "django_admin_log" VALUES(90,'2022-11-25 13:34:48.460006','16','Inventoryrecord object (16)','',11,1,3);
INSERT INTO "django_admin_log" VALUES(91,'2022-11-25 13:34:48.467856','15','Inventoryrecord object (15)','',11,1,3);
INSERT INTO "django_admin_log" VALUES(92,'2022-11-26 09:24:55.291217','264','salesItems object (264)','',10,1,3);
INSERT INTO "django_admin_log" VALUES(93,'2022-11-26 09:24:55.299219','263','salesItems object (263)','',10,1,3);
INSERT INTO "django_admin_log" VALUES(94,'2022-11-26 09:24:55.307173','262','salesItems object (262)','',10,1,3);
INSERT INTO "django_admin_log" VALUES(95,'2022-11-26 09:24:55.315212','261','salesItems object (261)','',10,1,3);
INSERT INTO "django_admin_log" VALUES(96,'2022-11-26 09:24:55.323170','260','salesItems object (260)','',10,1,3);
INSERT INTO "django_admin_log" VALUES(97,'2022-11-26 09:24:55.331169','259','salesItems object (259)','',10,1,3);
INSERT INTO "django_admin_log" VALUES(98,'2022-11-26 09:24:55.331169','258','salesItems object (258)','',10,1,3);
INSERT INTO "django_admin_log" VALUES(99,'2022-11-26 09:24:55.339211','257','salesItems object (257)','',10,1,3);
INSERT INTO "django_admin_log" VALUES(100,'2022-11-26 09:24:55.347174','256','salesItems object (256)','',10,1,3);
INSERT INTO "django_admin_log" VALUES(101,'2022-11-26 09:24:55.355171','255','salesItems object (255)','',10,1,3);
INSERT INTO "django_admin_log" VALUES(102,'2022-11-26 09:24:55.359332','254','salesItems object (254)','',10,1,3);
INSERT INTO "django_admin_log" VALUES(103,'2022-11-26 09:24:55.363359','253','salesItems object (253)','',10,1,3);
INSERT INTO "django_admin_log" VALUES(104,'2022-11-26 09:24:55.372742','252','salesItems object (252)','',10,1,3);
INSERT INTO "django_admin_log" VALUES(105,'2022-11-26 09:24:55.379771','251','salesItems object (251)','',10,1,3);
INSERT INTO "django_admin_log" VALUES(106,'2022-11-26 09:24:55.379771','250','salesItems object (250)','',10,1,3);
INSERT INTO "django_admin_log" VALUES(107,'2022-11-26 09:24:55.387792','249','salesItems object (249)','',10,1,3);
INSERT INTO "django_admin_log" VALUES(108,'2022-11-26 09:24:55.395787','248','salesItems object (248)','',10,1,3);
INSERT INTO "django_admin_log" VALUES(109,'2022-11-26 09:24:55.395787','247','salesItems object (247)','',10,1,3);
INSERT INTO "django_admin_log" VALUES(110,'2022-11-26 09:24:55.403787','246','salesItems object (246)','',10,1,3);
INSERT INTO "django_admin_log" VALUES(111,'2022-11-26 09:24:55.411792','245','salesItems object (245)','',10,1,3);
INSERT INTO "django_admin_log" VALUES(112,'2022-11-26 09:24:55.411792','243','salesItems object (243)','',10,1,3);
INSERT INTO "django_admin_log" VALUES(113,'2022-11-26 09:24:55.419831','242','salesItems object (242)','',10,1,3);
INSERT INTO "django_admin_log" VALUES(114,'2022-11-26 09:24:55.427789','241','salesItems object (241)','',10,1,3);
INSERT INTO "django_admin_log" VALUES(115,'2022-11-27 05:30:50.487573','8','emp0000','[{"added": {}}]',4,1,1);
INSERT INTO "django_admin_log" VALUES(116,'2022-11-27 05:32:10.019857','8','emp0000','[{"changed": {"fields": ["First name", "Last name", "Email address", "Staff status", "Last login"]}}]',4,1,2);
INSERT INTO "django_admin_log" VALUES(117,'2022-11-30 13:15:08.295437','8','emp0000','',4,1,3);
INSERT INTO "django_admin_log" VALUES(118,'2022-11-30 13:15:08.303939','7','employee','',4,1,3);
INSERT INTO "django_admin_log" VALUES(119,'2022-11-30 13:15:47.303064','1','admin','[{"changed": {"fields": ["First name", "Last name"]}}]',4,1,2);
INSERT INTO "django_admin_log" VALUES(120,'2023-01-06 13:11:20.728044','9','emp0000','[{"added": {}}]',4,1,1);
INSERT INTO "django_admin_log" VALUES(121,'2023-01-06 13:11:41.654742','9','emp0000','[{"changed": {"fields": ["First name", "Last name", "Staff status"]}}]',4,1,2);
INSERT INTO "django_admin_log" VALUES(122,'2023-01-08 12:44:02.728427','10','employee','[{"added": {}}]',4,1,1);
INSERT INTO "django_admin_log" VALUES(123,'2023-01-08 12:44:09.761319','10','employee','[{"changed": {"fields": ["First name", "User permissions"]}}]',4,1,2);
INSERT INTO "django_admin_log" VALUES(124,'2023-01-08 12:44:16.010827','10','employee','[{"changed": {"fields": ["Staff status"]}}]',4,1,2);
INSERT INTO "django_admin_log" VALUES(125,'2023-01-12 14:45:57.384947','45','Inventoryrecord object (45)','',11,1,3);
INSERT INTO "django_admin_log" VALUES(126,'2023-01-12 14:45:57.391401','44','Inventoryrecord object (44)','',11,1,3);
INSERT INTO "django_admin_log" VALUES(127,'2023-01-12 14:45:57.398395','43','Inventoryrecord object (43)','',11,1,3);
INSERT INTO "django_admin_log" VALUES(128,'2023-01-12 14:45:57.404391','42','Inventoryrecord object (42)','',11,1,3);
INSERT INTO "django_admin_log" VALUES(129,'2023-01-12 14:45:57.410702','41','Inventoryrecord object (41)','',11,1,3);
INSERT INTO "django_admin_log" VALUES(130,'2023-01-12 14:45:57.416697','40','Inventoryrecord object (40)','',11,1,3);
INSERT INTO "django_admin_log" VALUES(131,'2023-01-12 14:45:57.423697','39','Inventoryrecord object (39)','',11,1,3);
INSERT INTO "django_admin_log" VALUES(132,'2023-01-12 14:45:57.429485','38','Inventoryrecord object (38)','',11,1,3);
INSERT INTO "django_admin_log" VALUES(133,'2023-01-12 14:45:57.438481','37','Inventoryrecord object (37)','',11,1,3);
INSERT INTO "django_admin_log" VALUES(134,'2023-01-12 14:45:57.446695','36','Inventoryrecord object (36)','',11,1,3);
INSERT INTO "django_admin_log" VALUES(135,'2023-01-12 14:45:57.452341','35','Inventoryrecord object (35)','',11,1,3);
INSERT INTO "django_admin_log" VALUES(136,'2023-01-12 14:45:57.460341','34','Inventoryrecord object (34)','',11,1,3);
INSERT INTO "django_admin_log" VALUES(137,'2023-01-12 15:10:47.058412','123','Inventoryrecord object (123)','',11,1,3);
INSERT INTO "django_admin_log" VALUES(138,'2023-01-12 15:10:47.068129','122','Inventoryrecord object (122)','',11,1,3);
INSERT INTO "django_admin_log" VALUES(139,'2023-01-12 15:10:47.074107','121','Inventoryrecord object (121)','',11,1,3);
INSERT INTO "django_admin_log" VALUES(140,'2023-01-12 15:10:47.082122','120','Inventoryrecord object (120)','',11,1,3);
INSERT INTO "django_admin_log" VALUES(141,'2023-01-12 15:10:47.087500','119','Inventoryrecord object (119)','',11,1,3);
INSERT INTO "django_admin_log" VALUES(142,'2023-01-12 15:10:47.094607','118','Inventoryrecord object (118)','',11,1,3);
INSERT INTO "django_admin_log" VALUES(143,'2023-01-12 15:10:47.101617','117','Inventoryrecord object (117)','',11,1,3);
INSERT INTO "django_admin_log" VALUES(144,'2023-01-12 15:10:47.107608','116','Inventoryrecord object (116)','',11,1,3);
INSERT INTO "django_admin_log" VALUES(145,'2023-01-12 15:10:47.114611','115','Inventoryrecord object (115)','',11,1,3);
INSERT INTO "django_admin_log" VALUES(146,'2023-01-12 15:10:47.120610','114','Inventoryrecord object (114)','',11,1,3);
INSERT INTO "django_admin_log" VALUES(147,'2023-01-12 15:10:47.126614','113','Inventoryrecord object (113)','',11,1,3);
INSERT INTO "django_admin_log" VALUES(148,'2023-01-12 15:10:47.132607','112','Inventoryrecord object (112)','',11,1,3);
INSERT INTO "django_admin_log" VALUES(149,'2023-01-12 15:10:47.139607','111','Inventoryrecord object (111)','',11,1,3);
INSERT INTO "django_admin_log" VALUES(150,'2023-01-12 15:10:47.147821','110','Inventoryrecord object (110)','',11,1,3);
INSERT INTO "django_admin_log" VALUES(151,'2023-01-12 15:10:47.158817','109','Inventoryrecord object (109)','',11,1,3);
INSERT INTO "django_admin_log" VALUES(152,'2023-01-12 15:10:47.168843','108','Inventoryrecord object (108)','',11,1,3);
INSERT INTO "django_admin_log" VALUES(153,'2023-01-12 15:10:47.177845','107','Inventoryrecord object (107)','',11,1,3);
INSERT INTO "django_admin_log" VALUES(154,'2023-01-12 15:10:47.184903','106','Inventoryrecord object (106)','',11,1,3);
INSERT INTO "django_admin_log" VALUES(155,'2023-01-12 15:10:47.190900','105','Inventoryrecord object (105)','',11,1,3);
INSERT INTO "django_admin_log" VALUES(156,'2023-01-12 15:10:47.198425','104','Inventoryrecord object (104)','',11,1,3);
INSERT INTO "django_admin_log" VALUES(157,'2023-01-12 15:10:47.204956','103','Inventoryrecord object (103)','',11,1,3);
INSERT INTO "django_admin_log" VALUES(158,'2023-01-12 15:10:47.210957','102','Inventoryrecord object (102)','',11,1,3);
INSERT INTO "django_admin_log" VALUES(159,'2023-01-12 15:10:47.217958','101','Inventoryrecord object (101)','',11,1,3);
INSERT INTO "django_admin_log" VALUES(160,'2023-01-12 15:10:47.223020','100','Inventoryrecord object (100)','',11,1,3);
INSERT INTO "django_admin_log" VALUES(161,'2023-01-12 15:10:47.229022','99','Inventoryrecord object (99)','',11,1,3);
INSERT INTO "django_admin_log" VALUES(162,'2023-01-12 15:10:47.237024','98','Inventoryrecord object (98)','',11,1,3);
INSERT INTO "django_admin_log" VALUES(163,'2023-01-12 15:10:47.242104','97','Inventoryrecord object (97)','',11,1,3);
INSERT INTO "django_admin_log" VALUES(164,'2023-01-12 15:10:47.248104','96','Inventoryrecord object (96)','',11,1,3);
INSERT INTO "django_admin_log" VALUES(165,'2023-01-12 15:10:47.254104','95','Inventoryrecord object (95)','',11,1,3);
INSERT INTO "django_admin_log" VALUES(166,'2023-01-12 15:10:47.260088','94','Inventoryrecord object (94)','',11,1,3);
INSERT INTO "django_admin_log" VALUES(167,'2023-01-12 15:10:47.266087','93','Inventoryrecord object (93)','',11,1,3);
INSERT INTO "django_admin_log" VALUES(168,'2023-01-12 15:10:47.273095','92','Inventoryrecord object (92)','',11,1,3);
INSERT INTO "django_admin_log" VALUES(169,'2023-01-12 15:10:47.279104','91','Inventoryrecord object (91)','',11,1,3);
INSERT INTO "django_admin_log" VALUES(170,'2023-01-12 15:10:47.286107','90','Inventoryrecord object (90)','',11,1,3);
INSERT INTO "django_admin_log" VALUES(171,'2023-01-12 15:10:47.291115','89','Inventoryrecord object (89)','',11,1,3);
INSERT INTO "django_admin_log" VALUES(172,'2023-01-12 15:10:47.298647','88','Inventoryrecord object (88)','',11,1,3);
INSERT INTO "django_admin_log" VALUES(173,'2023-01-12 15:10:47.304641','87','Inventoryrecord object (87)','',11,1,3);
INSERT INTO "django_admin_log" VALUES(174,'2023-01-12 15:10:47.313060','86','Inventoryrecord object (86)','',11,1,3);
INSERT INTO "django_admin_log" VALUES(175,'2023-01-12 15:10:47.321055','85','Inventoryrecord object (85)','',11,1,3);
INSERT INTO "django_admin_log" VALUES(176,'2023-01-12 15:10:47.327642','84','Inventoryrecord object (84)','',11,1,3);
INSERT INTO "django_admin_log" VALUES(177,'2023-01-12 15:10:47.334644','83','Inventoryrecord object (83)','',11,1,3);
INSERT INTO "django_admin_log" VALUES(178,'2023-01-12 15:10:47.339638','82','Inventoryrecord object (82)','',11,1,3);
INSERT INTO "django_admin_log" VALUES(179,'2023-01-12 15:10:47.345647','81','Inventoryrecord object (81)','',11,1,3);
INSERT INTO "django_admin_log" VALUES(180,'2023-01-12 15:10:47.352595','80','Inventoryrecord object (80)','',11,1,3);
INSERT INTO "django_admin_log" VALUES(181,'2023-01-12 15:10:47.358587','79','Inventoryrecord object (79)','',11,1,3);
INSERT INTO "django_admin_log" VALUES(182,'2023-01-12 15:10:47.364590','78','Inventoryrecord object (78)','',11,1,3);
INSERT INTO "django_admin_log" VALUES(183,'2023-01-12 15:10:47.371136','77','Inventoryrecord object (77)','',11,1,3);
INSERT INTO "django_admin_log" VALUES(184,'2023-01-12 15:10:47.377137','76','Inventoryrecord object (76)','',11,1,3);
INSERT INTO "django_admin_log" VALUES(185,'2023-01-12 15:10:47.383157','75','Inventoryrecord object (75)','',11,1,3);
INSERT INTO "django_admin_log" VALUES(186,'2023-01-12 15:10:47.388529','74','Inventoryrecord object (74)','',11,1,3);
INSERT INTO "django_admin_log" VALUES(187,'2023-01-12 15:10:47.393531','73','Inventoryrecord object (73)','',11,1,3);
INSERT INTO "django_admin_log" VALUES(188,'2023-01-12 15:10:47.400925','72','Inventoryrecord object (72)','',11,1,3);
INSERT INTO "django_admin_log" VALUES(189,'2023-01-12 15:10:47.406250','71','Inventoryrecord object (71)','',11,1,3);
INSERT INTO "django_admin_log" VALUES(190,'2023-01-12 15:10:47.413257','70','Inventoryrecord object (70)','',11,1,3);
INSERT INTO "django_admin_log" VALUES(191,'2023-01-12 15:10:47.419250','69','Inventoryrecord object (69)','',11,1,3);
INSERT INTO "django_admin_log" VALUES(192,'2023-01-12 15:10:47.425459','68','Inventoryrecord object (68)','',11,1,3);
INSERT INTO "django_admin_log" VALUES(193,'2023-01-12 15:10:47.431470','67','Inventoryrecord object (67)','',11,1,3);
INSERT INTO "django_admin_log" VALUES(194,'2023-01-12 15:10:47.438466','66','Inventoryrecord object (66)','',11,1,3);
INSERT INTO "django_admin_log" VALUES(195,'2023-01-12 15:10:47.444010','65','Inventoryrecord object (65)','',11,1,3);
INSERT INTO "django_admin_log" VALUES(196,'2023-01-12 15:10:47.451012','64','Inventoryrecord object (64)','',11,1,3);
INSERT INTO "django_admin_log" VALUES(197,'2023-01-12 15:10:47.459406','63','Inventoryrecord object (63)','',11,1,3);
INSERT INTO "django_admin_log" VALUES(198,'2023-01-12 15:10:47.464829','62','Inventoryrecord object (62)','',11,1,3);
INSERT INTO "django_admin_log" VALUES(199,'2023-01-12 15:10:47.471422','61','Inventoryrecord object (61)','',11,1,3);
INSERT INTO "django_admin_log" VALUES(200,'2023-01-12 15:10:47.476416','60','Inventoryrecord object (60)','',11,1,3);
INSERT INTO "django_admin_log" VALUES(201,'2023-01-12 15:10:47.482430','59','Inventoryrecord object (59)','',11,1,3);
INSERT INTO "django_admin_log" VALUES(202,'2023-01-12 15:10:47.488372','58','Inventoryrecord object (58)','',11,1,3);
INSERT INTO "django_admin_log" VALUES(203,'2023-01-12 15:10:47.494425','57','Inventoryrecord object (57)','',11,1,3);
INSERT INTO "django_admin_log" VALUES(204,'2023-01-12 15:10:47.500434','56','Inventoryrecord object (56)','',11,1,3);
INSERT INTO "django_admin_log" VALUES(205,'2023-01-12 15:10:47.506206','55','Inventoryrecord object (55)','',11,1,3);
INSERT INTO "django_admin_log" VALUES(206,'2023-01-12 15:10:47.512211','54','Inventoryrecord object (54)','',11,1,3);
INSERT INTO "django_admin_log" VALUES(207,'2023-01-12 15:10:47.518739','53','Inventoryrecord object (53)','',11,1,3);
INSERT INTO "django_admin_log" VALUES(208,'2023-01-12 15:10:47.524741','52','Inventoryrecord object (52)','',11,1,3);
INSERT INTO "django_admin_log" VALUES(209,'2023-01-12 15:10:47.530742','51','Inventoryrecord object (51)','',11,1,3);
INSERT INTO "django_admin_log" VALUES(210,'2023-01-12 15:10:47.536736','50','Inventoryrecord object (50)','',11,1,3);
INSERT INTO "django_admin_log" VALUES(211,'2023-01-12 15:10:47.542736','49','Inventoryrecord object (49)','',11,1,3);
INSERT INTO "django_admin_log" VALUES(212,'2023-01-12 15:10:47.548738','48','Inventoryrecord object (48)','',11,1,3);
INSERT INTO "django_admin_log" VALUES(213,'2023-01-12 15:10:47.554742','47','Inventoryrecord object (47)','',11,1,3);
INSERT INTO "django_admin_log" VALUES(214,'2023-01-12 15:10:47.560734','46','Inventoryrecord object (46)','',11,1,3);
INSERT INTO "django_admin_log" VALUES(215,'2023-01-13 07:47:34.345681','1','Inventoryrecord object (1)','[{"added": {}}]',11,1,1);
INSERT INTO "django_admin_log" VALUES(216,'2023-01-13 07:59:48.089947','1','Inventoryrecord object (1)','',11,1,3);
CREATE UNIQUE INDEX "auth_group_permissions_group_id_permission_id_0cd325b0_uniq" ON "auth_group_permissions" ("group_id", "permission_id");
CREATE INDEX IF NOT EXISTS "auth_group_permissions_group_id_b120cbf9" ON "auth_group_permissions" ("group_id");
CREATE INDEX IF NOT EXISTS "auth_group_permissions_permission_id_84c5c92e" ON "auth_group_permissions" ("permission_id");
CREATE UNIQUE INDEX "auth_user_groups_user_id_group_id_94350c0c_uniq" ON "auth_user_groups" ("user_id", "group_id");
CREATE INDEX IF NOT EXISTS "auth_user_groups_user_id_6a12ed8b" ON "auth_user_groups" ("user_id");
CREATE INDEX IF NOT EXISTS "auth_user_groups_group_id_97559544" ON "auth_user_groups" ("group_id");
CREATE UNIQUE INDEX "auth_user_user_permissions_user_id_permission_id_14a6b632_uniq" ON "auth_user_user_permissions" ("user_id", "permission_id");
CREATE INDEX IF NOT EXISTS "auth_user_user_permissions_user_id_a95ead1b" ON "auth_user_user_permissions" ("user_id");
CREATE INDEX IF NOT EXISTS "auth_user_user_permissions_permission_id_1fbb5f2c" ON "auth_user_user_permissions" ("permission_id");
CREATE INDEX IF NOT EXISTS "django_admin_log_content_type_id_c4bce8eb" ON "django_admin_log" ("content_type_id");
CREATE INDEX IF NOT EXISTS "django_admin_log_user_id_c564eba6" ON "django_admin_log" ("user_id");
CREATE UNIQUE INDEX "django_content_type_app_label_model_76bd3d3b_uniq" ON "django_content_type" ("app_label", "model");
CREATE UNIQUE INDEX "auth_permission_content_type_id_codename_01ab375a_uniq" ON "auth_permission" ("content_type_id", "codename");
CREATE INDEX IF NOT EXISTS "auth_permission_content_type_id_2f476e4b" ON "auth_permission" ("content_type_id");
CREATE INDEX IF NOT EXISTS "django_session_expire_date_a5c62663" ON "django_session" ("expire_date");
CREATE INDEX IF NOT EXISTS "posApp_products_category_id_id_46bd9586" ON "posApp_products" ("category_id_id");
CREATE INDEX IF NOT EXISTS "posApp_salesitems_product_id_id_fc74a6d5" ON "posApp_salesitems" ("product_id_id");
CREATE INDEX IF NOT EXISTS "posApp_salesitems_sale_id_id_dc0c6e0b" ON "posApp_salesitems" ("sale_id_id");
CREATE INDEX IF NOT EXISTS "django_apscheduler_djangojob_next_run_time_2f022619" ON "django_apscheduler_djangojob" ("next_run_time");
CREATE INDEX IF NOT EXISTS "django_apscheduler_djangojobexecution_run_time_16edd96b" ON "django_apscheduler_djangojobexecution" ("run_time");
CREATE INDEX IF NOT EXISTS "django_apscheduler_djangojobexecution_job_id_daf5090a" ON "django_apscheduler_djangojobexecution" ("job_id");
CREATE INDEX IF NOT EXISTS "posApp_inventoryrecord_product_name_id_3ce4501c" ON "posApp_inventoryrecord" ("product_name_id");
CREATE TABLE IF NOT EXISTS "django_apscheduler_djangojob" ("id" varchar(255) NOT NULL PRIMARY KEY, "next_run_time" datetime NULL, "job_state" BLOB NOT NULL);
INSERT INTO "django_apscheduler_djangojob" VALUES('weekly_backup','2023-01-14 05:51:13.160481',X'8005953A020000000000007D94288C0776657273696F6E944B018C026964948C0D7765656B6C795F6261636B7570948C0466756E63948C24706F734170702E7363686564756C65722E7363686564756C65723A64625F6261636B7570948C0774726967676572948C1D61707363686564756C65722E74726967676572732E696E74657276616C948C0F496E74657276616C547269676765729493942981947D942868014B028C0874696D657A6F6E65948C1B7079747A5F6465707265636174696F6E5F7368696D2E5F696D706C948C09777261705F7A6F6E659493948C086275696C74696E73948C07676574617474729493948C087A6F6E65696E666F948C085A6F6E65496E666F9493948C095F756E7069636B6C6594869452948C0E417369612F53696E6761706F7265944B01869452946819869452948C0A73746172745F64617465948C086461746574696D65948C086461746574696D65949394430A07E7010E0B330D0272E194681D869452948C08656E645F64617465944E8C08696E74657276616C94681F8C0974696D6564656C74619493944B004D08074B00879452948C066A6974746572944E75628C086578656375746F72948C0764656661756C74948C046172677394298C066B7761726773947D948C046E616D65948C0964625F6261636B7570948C126D6973666972655F67726163655F74696D65944B018C08636F616C6573636594888C0D6D61785F696E7374616E636573944B018C0D6E6578745F72756E5F74696D65946821430A07E7010E0D330D0272E194681D86945294752E');
CREATE UNIQUE INDEX "auth_group_permissions_group_id_permission_id_0cd325b0_uniq" ON "auth_group_permissions" ("group_id", "permission_id");
CREATE INDEX IF NOT EXISTS "auth_group_permissions_group_id_b120cbf9" ON "auth_group_permissions" ("group_id");
CREATE INDEX IF NOT EXISTS "auth_group_permissions_permission_id_84c5c92e" ON "auth_group_permissions" ("permission_id");
CREATE UNIQUE INDEX "auth_user_groups_user_id_group_id_94350c0c_uniq" ON "auth_user_groups" ("user_id", "group_id");
CREATE INDEX IF NOT EXISTS "auth_user_groups_user_id_6a12ed8b" ON "auth_user_groups" ("user_id");
CREATE INDEX IF NOT EXISTS "auth_user_groups_group_id_97559544" ON "auth_user_groups" ("group_id");
CREATE UNIQUE INDEX "auth_user_user_permissions_user_id_permission_id_14a6b632_uniq" ON "auth_user_user_permissions" ("user_id", "permission_id");
CREATE INDEX IF NOT EXISTS "auth_user_user_permissions_user_id_a95ead1b" ON "auth_user_user_permissions" ("user_id");
CREATE INDEX IF NOT EXISTS "auth_user_user_permissions_permission_id_1fbb5f2c" ON "auth_user_user_permissions" ("permission_id");
CREATE INDEX IF NOT EXISTS "django_admin_log_content_type_id_c4bce8eb" ON "django_admin_log" ("content_type_id");
CREATE INDEX IF NOT EXISTS "django_admin_log_user_id_c564eba6" ON "django_admin_log" ("user_id");
CREATE UNIQUE INDEX "django_content_type_app_label_model_76bd3d3b_uniq" ON "django_content_type" ("app_label", "model");
CREATE UNIQUE INDEX "auth_permission_content_type_id_codename_01ab375a_uniq" ON "auth_permission" ("content_type_id", "codename");
CREATE INDEX IF NOT EXISTS "auth_permission_content_type_id_2f476e4b" ON "auth_permission" ("content_type_id");
CREATE INDEX IF NOT EXISTS "django_session_expire_date_a5c62663" ON "django_session" ("expire_date");
CREATE INDEX IF NOT EXISTS "posApp_products_category_id_id_46bd9586" ON "posApp_products" ("category_id_id");
CREATE INDEX IF NOT EXISTS "posApp_salesitems_product_id_id_fc74a6d5" ON "posApp_salesitems" ("product_id_id");
CREATE INDEX IF NOT EXISTS "posApp_salesitems_sale_id_id_dc0c6e0b" ON "posApp_salesitems" ("sale_id_id");
CREATE INDEX IF NOT EXISTS "django_apscheduler_djangojob_next_run_time_2f022619" ON "django_apscheduler_djangojob" ("next_run_time");
CREATE INDEX IF NOT EXISTS "django_apscheduler_djangojobexecution_run_time_16edd96b" ON "django_apscheduler_djangojobexecution" ("run_time");
CREATE INDEX IF NOT EXISTS "django_apscheduler_djangojobexecution_job_id_daf5090a" ON "django_apscheduler_djangojobexecution" ("job_id");
CREATE INDEX IF NOT EXISTS "posApp_inventoryrecord_product_name_id_3ce4501c" ON "posApp_inventoryrecord" ("product_name_id");
CREATE TABLE IF NOT EXISTS "django_apscheduler_djangojobexecution" ("id" integer NOT NULL PRIMARY KEY AUTOINCREMENT, "status" varchar(50) NOT NULL, "run_time" datetime NOT NULL, "duration" decimal NULL, "finished" decimal NULL, "exception" varchar(1000) NULL, "traceback" text NULL, "job_id" varchar(255) NOT NULL REFERENCES "django_apscheduler_djangojob" ("id") DEFERRABLE INITIALLY DEFERRED, CONSTRAINT "unique_job_executions" UNIQUE ("job_id", "run_time"));
INSERT INTO "django_apscheduler_djangojobexecution" VALUES(1,'Executed','2023-01-09 13:40:54.164666',0.07,1673271654.24,NULL,NULL,'weekly_backup');
INSERT INTO "django_apscheduler_djangojobexecution" VALUES(2,'Executed','2023-01-09 13:41:54.164666',0.11,1673271714.28,NULL,NULL,'weekly_backup');
INSERT INTO "django_apscheduler_djangojobexecution" VALUES(3,'Executed','2023-01-09 13:42:54.164666',0.14,1673271774.3,NULL,NULL,'weekly_backup');
INSERT INTO "django_apscheduler_djangojobexecution" VALUES(4,'Executed','2023-01-09 13:43:54.164666',0.09,1673271834.26,NULL,NULL,'weekly_backup');
INSERT INTO "django_apscheduler_djangojobexecution" VALUES(5,'Executed','2023-01-09 13:44:54.164666',0.06,1673271894.22,NULL,NULL,'weekly_backup');
INSERT INTO "django_apscheduler_djangojobexecution" VALUES(6,'Executed','2023-01-09 13:46:39.686057',0.07,1673271999.76,NULL,NULL,'weekly_backup');
INSERT INTO "django_apscheduler_djangojobexecution" VALUES(7,'Executed','2023-01-09 13:47:41.120845',0.09,1673272061.21,NULL,NULL,'weekly_backup');
INSERT INTO "django_apscheduler_djangojobexecution" VALUES(8,'Executed','2023-01-09 13:50:43.847792',0.06,1673272243.91,NULL,NULL,'weekly_backup');
INSERT INTO "django_apscheduler_djangojobexecution" VALUES(9,'Executed','2023-01-09 13:51:43.847792',0.15,1673272304,NULL,NULL,'weekly_backup');
INSERT INTO "django_apscheduler_djangojobexecution" VALUES(10,'Executed','2023-01-09 13:52:43.847792',0.09,1673272363.93,NULL,NULL,'weekly_backup');
INSERT INTO "django_apscheduler_djangojobexecution" VALUES(11,'Executed','2023-01-09 13:53:43.847792',0.17,1673272424.02,NULL,NULL,'weekly_backup');
INSERT INTO "django_apscheduler_djangojobexecution" VALUES(12,'Executed','2023-01-09 13:54:43.847792',0.17,1673272484.01,NULL,NULL,'weekly_backup');
INSERT INTO "django_apscheduler_djangojobexecution" VALUES(13,'Executed','2023-01-09 13:55:43.847792',0.12,1673272543.97,NULL,NULL,'weekly_backup');
INSERT INTO "django_apscheduler_djangojobexecution" VALUES(14,'Executed','2023-01-09 13:56:43.847792',0.09,1673272603.94,NULL,NULL,'weekly_backup');
INSERT INTO "django_apscheduler_djangojobexecution" VALUES(15,'Executed','2023-01-09 13:57:43.847792',0.1,1673272663.95,NULL,NULL,'weekly_backup');
INSERT INTO "django_apscheduler_djangojobexecution" VALUES(16,'Executed','2023-01-09 13:58:43.847792',0.06,1673272723.91,NULL,NULL,'weekly_backup');
INSERT INTO "django_apscheduler_djangojobexecution" VALUES(17,'Executed','2023-01-09 13:59:43.847792',0.07,1673272783.92,NULL,NULL,'weekly_backup');
INSERT INTO "django_apscheduler_djangojobexecution" VALUES(18,'Executed','2023-01-09 14:00:43.847792',0.06,1673272843.9,NULL,NULL,'weekly_backup');
INSERT INTO "django_apscheduler_djangojobexecution" VALUES(19,'Executed','2023-01-09 14:01:43.847792',0.06,1673272903.91,NULL,NULL,'weekly_backup');
INSERT INTO "django_apscheduler_djangojobexecution" VALUES(20,'Executed','2023-01-09 14:02:43.847792',0.05,1673272963.9,NULL,NULL,'weekly_backup');
INSERT INTO "django_apscheduler_djangojobexecution" VALUES(21,'Executed','2023-01-09 14:03:43.847792',0.05,1673273023.9,NULL,NULL,'weekly_backup');
INSERT INTO "django_apscheduler_djangojobexecution" VALUES(22,'Executed','2023-01-09 14:04:43.847792',0.07,1673273083.92,NULL,NULL,'weekly_backup');
INSERT INTO "django_apscheduler_djangojobexecution" VALUES(23,'Executed','2023-01-09 14:05:43.847792',0.08,1673273143.93,NULL,NULL,'weekly_backup');
INSERT INTO "django_apscheduler_djangojobexecution" VALUES(24,'Executed','2023-01-09 14:06:43.847792',0.16,1673273204,NULL,NULL,'weekly_backup');
INSERT INTO "django_apscheduler_djangojobexecution" VALUES(25,'Executed','2023-01-09 14:07:43.847792',0.11,1673273263.96,NULL,NULL,'weekly_backup');
INSERT INTO "django_apscheduler_djangojobexecution" VALUES(26,'Executed','2023-01-09 14:08:43.847792',0.08,1673273323.93,NULL,NULL,'weekly_backup');
INSERT INTO "django_apscheduler_djangojobexecution" VALUES(27,'Executed','2023-01-09 14:09:43.847792',0.07,1673273383.92,NULL,NULL,'weekly_backup');
INSERT INTO "django_apscheduler_djangojobexecution" VALUES(28,'Executed','2023-01-09 14:10:43.847792',0.12,1673273443.97,NULL,NULL,'weekly_backup');
INSERT INTO "django_apscheduler_djangojobexecution" VALUES(29,'Executed','2023-01-09 14:11:43.847792',0.21,1673273504.05,NULL,NULL,'weekly_backup');
INSERT INTO "django_apscheduler_djangojobexecution" VALUES(30,'Executed','2023-01-09 14:12:43.847792',0.12,1673273563.97,NULL,NULL,'weekly_backup');
INSERT INTO "django_apscheduler_djangojobexecution" VALUES(31,'Executed','2023-01-09 14:13:43.847792',0.08,1673273623.92,NULL,NULL,'weekly_backup');
INSERT INTO "django_apscheduler_djangojobexecution" VALUES(32,'Executed','2023-01-09 14:14:43.847792',0.1,1673273683.94,NULL,NULL,'weekly_backup');
INSERT INTO "django_apscheduler_djangojobexecution" VALUES(33,'Executed','2023-01-09 14:15:43.847792',0.09,1673273743.94,NULL,NULL,'weekly_backup');
INSERT INTO "django_apscheduler_djangojobexecution" VALUES(34,'Executed','2023-01-09 14:16:43.847792',0.08,1673273803.93,NULL,NULL,'weekly_backup');
INSERT INTO "django_apscheduler_djangojobexecution" VALUES(35,'Executed','2023-01-09 14:17:43.847792',0.42,1673273864.27,NULL,NULL,'weekly_backup');
INSERT INTO "django_apscheduler_djangojobexecution" VALUES(36,'Executed','2023-01-09 14:18:43.847792',0.33,1673273924.18,NULL,NULL,'weekly_backup');
INSERT INTO "django_apscheduler_djangojobexecution" VALUES(37,'Executed','2023-01-09 14:19:43.847792',0.16,1673273984.01,NULL,NULL,'weekly_backup');
INSERT INTO "django_apscheduler_djangojobexecution" VALUES(38,'Executed','2023-01-09 14:20:43.847792',0.22,1673274044.06,NULL,NULL,'weekly_backup');
INSERT INTO "django_apscheduler_djangojobexecution" VALUES(39,'Executed','2023-01-09 14:21:43.847792',0.11,1673274103.96,NULL,NULL,'weekly_backup');
INSERT INTO "django_apscheduler_djangojobexecution" VALUES(40,'Executed','2023-01-09 14:22:43.847792',0.11,1673274163.96,NULL,NULL,'weekly_backup');
INSERT INTO "django_apscheduler_djangojobexecution" VALUES(41,'Executed','2023-01-09 14:23:43.847792',0.14,1673274223.98,NULL,NULL,'weekly_backup');
INSERT INTO "django_apscheduler_djangojobexecution" VALUES(42,'Executed','2023-01-09 14:24:43.847792',0.09,1673274283.94,NULL,NULL,'weekly_backup');
INSERT INTO "django_apscheduler_djangojobexecution" VALUES(43,'Executed','2023-01-09 14:25:43.847792',0.05,1673274343.9,NULL,NULL,'weekly_backup');
INSERT INTO "django_apscheduler_djangojobexecution" VALUES(44,'Executed','2023-01-09 14:26:43.847792',0.06,1673274403.91,NULL,NULL,'weekly_backup');
INSERT INTO "django_apscheduler_djangojobexecution" VALUES(45,'Executed','2023-01-09 14:27:43.847792',0.15,1673274464,NULL,NULL,'weekly_backup');
INSERT INTO "django_apscheduler_djangojobexecution" VALUES(46,'Executed','2023-01-09 14:28:43.847792',0.17,1673274524.01,NULL,NULL,'weekly_backup');
INSERT INTO "django_apscheduler_djangojobexecution" VALUES(47,'Executed','2023-01-09 14:29:43.847792',0.11,1673274583.96,NULL,NULL,'weekly_backup');
INSERT INTO "django_apscheduler_djangojobexecution" VALUES(48,'Executed','2023-01-09 14:30:43.847792',0.1,1673274643.95,NULL,NULL,'weekly_backup');
INSERT INTO "django_apscheduler_djangojobexecution" VALUES(49,'Executed','2023-01-09 14:31:43.847792',0.13,1673274703.98,NULL,NULL,'weekly_backup');
INSERT INTO "django_apscheduler_djangojobexecution" VALUES(50,'Executed','2023-01-09 14:32:43.847792',0.1,1673274763.95,NULL,NULL,'weekly_backup');
INSERT INTO "django_apscheduler_djangojobexecution" VALUES(51,'Executed','2023-01-09 14:33:43.847792',0.1,1673274823.95,NULL,NULL,'weekly_backup');
INSERT INTO "django_apscheduler_djangojobexecution" VALUES(52,'Executed','2023-01-09 14:34:43.847792',0.1,1673274883.95,NULL,NULL,'weekly_backup');
INSERT INTO "django_apscheduler_djangojobexecution" VALUES(53,'Executed','2023-01-09 14:35:43.847792',0.1,1673274943.95,NULL,NULL,'weekly_backup');
INSERT INTO "django_apscheduler_djangojobexecution" VALUES(54,'Executed','2023-01-09 14:36:43.847792',0.09,1673275003.94,NULL,NULL,'weekly_backup');
INSERT INTO "django_apscheduler_djangojobexecution" VALUES(55,'Executed','2023-01-09 14:37:43.847792',0.13,1673275063.98,NULL,NULL,'weekly_backup');
INSERT INTO "django_apscheduler_djangojobexecution" VALUES(56,'Executed','2023-01-09 14:38:43.847792',0.1,1673275123.95,NULL,NULL,'weekly_backup');
INSERT INTO "django_apscheduler_djangojobexecution" VALUES(57,'Executed','2023-01-09 14:39:43.847792',0.11,1673275183.96,NULL,NULL,'weekly_backup');
INSERT INTO "django_apscheduler_djangojobexecution" VALUES(58,'Executed','2023-01-09 14:40:43.847792',0.11,1673275243.96,NULL,NULL,'weekly_backup');
INSERT INTO "django_apscheduler_djangojobexecution" VALUES(59,'Executed','2023-01-09 14:41:43.847792',0.12,1673275303.97,NULL,NULL,'weekly_backup');
INSERT INTO "django_apscheduler_djangojobexecution" VALUES(60,'Executed','2023-01-09 14:42:43.847792',0.12,1673275363.97,NULL,NULL,'weekly_backup');
INSERT INTO "django_apscheduler_djangojobexecution" VALUES(61,'Executed','2023-01-09 14:43:43.847792',0.11,1673275423.96,NULL,NULL,'weekly_backup');
INSERT INTO "django_apscheduler_djangojobexecution" VALUES(62,'Executed','2023-01-09 14:44:43.847792',0.09,1673275483.94,NULL,NULL,'weekly_backup');
INSERT INTO "django_apscheduler_djangojobexecution" VALUES(63,'Executed','2023-01-09 14:46:36.533426',0.06,1673275596.59,NULL,NULL,'weekly_backup');
INSERT INTO "django_apscheduler_djangojobexecution" VALUES(64,'Executed','2023-01-09 14:47:36.533426',0.24,1673275656.78,NULL,NULL,'weekly_backup');
INSERT INTO "django_apscheduler_djangojobexecution" VALUES(65,'Executed','2023-01-09 14:49:00.167665',0.11,1673275740.28,NULL,NULL,'weekly_backup');
INSERT INTO "django_apscheduler_djangojobexecution" VALUES(66,'Executed','2023-01-09 14:50:00.167665',0.37,1673275800.54,NULL,NULL,'weekly_backup');
INSERT INTO "django_apscheduler_djangojobexecution" VALUES(67,'Executed','2023-01-09 14:51:07.865648',0.07,1673275867.93,NULL,NULL,'weekly_backup');
INSERT INTO "django_apscheduler_djangojobexecution" VALUES(68,'Executed','2023-01-09 14:52:07.865648',0.08,1673275927.94,NULL,NULL,'weekly_backup');
INSERT INTO "django_apscheduler_djangojobexecution" VALUES(69,'Executed','2023-01-09 14:53:07.865648',0.15,1673275988.02,NULL,NULL,'weekly_backup');
INSERT INTO "django_apscheduler_djangojobexecution" VALUES(70,'Executed','2023-01-09 14:54:07.865648',0.17,1673276048.03,NULL,NULL,'weekly_backup');
INSERT INTO "django_apscheduler_djangojobexecution" VALUES(71,'Executed','2023-01-09 14:55:07.865648',0.17,1673276108.04,NULL,NULL,'weekly_backup');
INSERT INTO "django_apscheduler_djangojobexecution" VALUES(72,'Executed','2023-01-09 14:56:07.865648',0.17,1673276168.04,NULL,NULL,'weekly_backup');
INSERT INTO "django_apscheduler_djangojobexecution" VALUES(73,'Executed','2023-01-09 14:57:36.150256',0.11,1673276256.26,NULL,NULL,'weekly_backup');
INSERT INTO "django_apscheduler_djangojobexecution" VALUES(74,'Executed','2023-01-09 14:58:36.150256',0.17,1673276316.32,NULL,NULL,'weekly_backup');
INSERT INTO "django_apscheduler_djangojobexecution" VALUES(75,'Executed','2023-01-09 15:00:16.262445',0.15,1673276416.41,NULL,NULL,'weekly_backup');
INSERT INTO "django_apscheduler_djangojobexecution" VALUES(76,'Executed','2023-01-09 15:01:16.262445',0.23,1673276476.5,NULL,NULL,'weekly_backup');
INSERT INTO "django_apscheduler_djangojobexecution" VALUES(77,'Executed','2023-01-13 08:51:15.943860',0.17,1673599876.12,NULL,NULL,'weekly_backup');
INSERT INTO "django_apscheduler_djangojobexecution" VALUES(78,'Executed','2023-01-13 09:21:15.943860',0.12,1673601676.07,NULL,NULL,'weekly_backup');
INSERT INTO "django_apscheduler_djangojobexecution" VALUES(79,'Missed!','2023-01-13 12:25:36.509274',68.46,1673612804.96,'Run time of job ''weekly_backup'' was missed!',NULL,'weekly_backup');
INSERT INTO "django_apscheduler_djangojobexecution" VALUES(80,'Missed!','2023-01-14 03:51:13.160481',127.28,1673668400.44,'Run time of job ''weekly_backup'' was missed!',NULL,'weekly_backup');
INSERT INTO "django_apscheduler_djangojobexecution" VALUES(81,'Executed','2023-01-14 04:21:13.160481',0.18,1673670073.34,NULL,NULL,'weekly_backup');
INSERT INTO "django_apscheduler_djangojobexecution" VALUES(82,'Executed','2023-01-14 04:51:13.160481',0.13,1673671873.29,NULL,NULL,'weekly_backup');
INSERT INTO "django_apscheduler_djangojobexecution" VALUES(83,'Started execution','2023-01-14 05:21:13.160481',NULL,NULL,NULL,NULL,'weekly_backup');
CREATE UNIQUE INDEX "auth_group_permissions_group_id_permission_id_0cd325b0_uniq" ON "auth_group_permissions" ("group_id", "permission_id");
CREATE INDEX IF NOT EXISTS "auth_group_permissions_group_id_b120cbf9" ON "auth_group_permissions" ("group_id");
CREATE INDEX IF NOT EXISTS "auth_group_permissions_permission_id_84c5c92e" ON "auth_group_permissions" ("permission_id");
CREATE UNIQUE INDEX "auth_user_groups_user_id_group_id_94350c0c_uniq" ON "auth_user_groups" ("user_id", "group_id");
CREATE INDEX IF NOT EXISTS "auth_user_groups_user_id_6a12ed8b" ON "auth_user_groups" ("user_id");
CREATE INDEX IF NOT EXISTS "auth_user_groups_group_id_97559544" ON "auth_user_groups" ("group_id");
CREATE UNIQUE INDEX "auth_user_user_permissions_user_id_permission_id_14a6b632_uniq" ON "auth_user_user_permissions" ("user_id", "permission_id");
CREATE INDEX IF NOT EXISTS "auth_user_user_permissions_user_id_a95ead1b" ON "auth_user_user_permissions" ("user_id");
CREATE INDEX IF NOT EXISTS "auth_user_user_permissions_permission_id_1fbb5f2c" ON "auth_user_user_permissions" ("permission_id");
CREATE INDEX IF NOT EXISTS "django_admin_log_content_type_id_c4bce8eb" ON "django_admin_log" ("content_type_id");
CREATE INDEX IF NOT EXISTS "django_admin_log_user_id_c564eba6" ON "django_admin_log" ("user_id");
CREATE UNIQUE INDEX "django_content_type_app_label_model_76bd3d3b_uniq" ON "django_content_type" ("app_label", "model");
CREATE UNIQUE INDEX "auth_permission_content_type_id_codename_01ab375a_uniq" ON "auth_permission" ("content_type_id", "codename");
CREATE INDEX IF NOT EXISTS "auth_permission_content_type_id_2f476e4b" ON "auth_permission" ("content_type_id");
CREATE INDEX IF NOT EXISTS "django_session_expire_date_a5c62663" ON "django_session" ("expire_date");
CREATE INDEX IF NOT EXISTS "posApp_products_category_id_id_46bd9586" ON "posApp_products" ("category_id_id");
CREATE INDEX IF NOT EXISTS "posApp_salesitems_product_id_id_fc74a6d5" ON "posApp_salesitems" ("product_id_id");
CREATE INDEX IF NOT EXISTS "posApp_salesitems_sale_id_id_dc0c6e0b" ON "posApp_salesitems" ("sale_id_id");
CREATE INDEX IF NOT EXISTS "django_apscheduler_djangojob_next_run_time_2f022619" ON "django_apscheduler_djangojob" ("next_run_time");
CREATE INDEX IF NOT EXISTS "django_apscheduler_djangojobexecution_run_time_16edd96b" ON "django_apscheduler_djangojobexecution" ("run_time");
CREATE INDEX IF NOT EXISTS "django_apscheduler_djangojobexecution_job_id_daf5090a" ON "django_apscheduler_djangojobexecution" ("job_id");
CREATE INDEX IF NOT EXISTS "posApp_inventoryrecord_product_name_id_3ce4501c" ON "posApp_inventoryrecord" ("product_name_id");
CREATE TABLE IF NOT EXISTS "django_content_type" ("id" integer NOT NULL PRIMARY KEY AUTOINCREMENT, "app_label" varchar(100) NOT NULL, "model" varchar(100) NOT NULL);
INSERT INTO "django_content_type" VALUES(1,'admin','logentry');
INSERT INTO "django_content_type" VALUES(2,'auth','permission');
INSERT INTO "django_content_type" VALUES(3,'auth','group');
INSERT INTO "django_content_type" VALUES(4,'auth','user');
INSERT INTO "django_content_type" VALUES(5,'contenttypes','contenttype');
INSERT INTO "django_content_type" VALUES(6,'sessions','session');
INSERT INTO "django_content_type" VALUES(7,'posApp','category');
INSERT INTO "django_content_type" VALUES(8,'posApp','products');
INSERT INTO "django_content_type" VALUES(9,'posApp','sales');
INSERT INTO "django_content_type" VALUES(10,'posApp','salesitems');
INSERT INTO "django_content_type" VALUES(11,'posApp','inventoryrecord');
INSERT INTO "django_content_type" VALUES(12,'django_apscheduler','djangojob');
INSERT INTO "django_content_type" VALUES(13,'django_apscheduler','djangojobexecution');
CREATE UNIQUE INDEX "auth_group_permissions_group_id_permission_id_0cd325b0_uniq" ON "auth_group_permissions" ("group_id", "permission_id");
CREATE INDEX IF NOT EXISTS "auth_group_permissions_group_id_b120cbf9" ON "auth_group_permissions" ("group_id");
CREATE INDEX IF NOT EXISTS "auth_group_permissions_permission_id_84c5c92e" ON "auth_group_permissions" ("permission_id");
CREATE UNIQUE INDEX "auth_user_groups_user_id_group_id_94350c0c_uniq" ON "auth_user_groups" ("user_id", "group_id");
CREATE INDEX IF NOT EXISTS "auth_user_groups_user_id_6a12ed8b" ON "auth_user_groups" ("user_id");
CREATE INDEX IF NOT EXISTS "auth_user_groups_group_id_97559544" ON "auth_user_groups" ("group_id");
CREATE UNIQUE INDEX "auth_user_user_permissions_user_id_permission_id_14a6b632_uniq" ON "auth_user_user_permissions" ("user_id", "permission_id");
CREATE INDEX IF NOT EXISTS "auth_user_user_permissions_user_id_a95ead1b" ON "auth_user_user_permissions" ("user_id");
CREATE INDEX IF NOT EXISTS "auth_user_user_permissions_permission_id_1fbb5f2c" ON "auth_user_user_permissions" ("permission_id");
CREATE INDEX IF NOT EXISTS "django_admin_log_content_type_id_c4bce8eb" ON "django_admin_log" ("content_type_id");
CREATE INDEX IF NOT EXISTS "django_admin_log_user_id_c564eba6" ON "django_admin_log" ("user_id");
CREATE UNIQUE INDEX "django_content_type_app_label_model_76bd3d3b_uniq" ON "django_content_type" ("app_label", "model");
CREATE UNIQUE INDEX "auth_permission_content_type_id_codename_01ab375a_uniq" ON "auth_permission" ("content_type_id", "codename");
CREATE INDEX IF NOT EXISTS "auth_permission_content_type_id_2f476e4b" ON "auth_permission" ("content_type_id");
CREATE INDEX IF NOT EXISTS "django_session_expire_date_a5c62663" ON "django_session" ("expire_date");
CREATE INDEX IF NOT EXISTS "posApp_products_category_id_id_46bd9586" ON "posApp_products" ("category_id_id");
CREATE INDEX IF NOT EXISTS "posApp_salesitems_product_id_id_fc74a6d5" ON "posApp_salesitems" ("product_id_id");
CREATE INDEX IF NOT EXISTS "posApp_salesitems_sale_id_id_dc0c6e0b" ON "posApp_salesitems" ("sale_id_id");
CREATE INDEX IF NOT EXISTS "django_apscheduler_djangojob_next_run_time_2f022619" ON "django_apscheduler_djangojob" ("next_run_time");
CREATE INDEX IF NOT EXISTS "django_apscheduler_djangojobexecution_run_time_16edd96b" ON "django_apscheduler_djangojobexecution" ("run_time");
CREATE INDEX IF NOT EXISTS "django_apscheduler_djangojobexecution_job_id_daf5090a" ON "django_apscheduler_djangojobexecution" ("job_id");
CREATE INDEX IF NOT EXISTS "posApp_inventoryrecord_product_name_id_3ce4501c" ON "posApp_inventoryrecord" ("product_name_id");
CREATE TABLE IF NOT EXISTS "django_migrations" ("id" integer NOT NULL PRIMARY KEY AUTOINCREMENT, "app" varchar(255) NOT NULL, "name" varchar(255) NOT NULL, "applied" datetime NOT NULL);
INSERT INTO "django_migrations" VALUES(1,'contenttypes','0001_initial','2022-03-04 01:27:04.891252');
INSERT INTO "django_migrations" VALUES(2,'auth','0001_initial','2022-03-04 01:27:04.934248');
INSERT INTO "django_migrations" VALUES(3,'admin','0001_initial','2022-03-04 01:27:04.959253');
INSERT INTO "django_migrations" VALUES(4,'admin','0002_logentry_remove_auto_add','2022-03-04 01:27:04.980250');
INSERT INTO "django_migrations" VALUES(5,'admin','0003_logentry_add_action_flag_choices','2022-03-04 01:27:05.005258');
INSERT INTO "django_migrations" VALUES(6,'contenttypes','0002_remove_content_type_name','2022-03-04 01:27:05.065256');
INSERT INTO "django_migrations" VALUES(7,'auth','0002_alter_permission_name_max_length','2022-03-04 01:27:05.086257');
INSERT INTO "django_migrations" VALUES(8,'auth','0003_alter_user_email_max_length','2022-03-04 01:27:05.110259');
INSERT INTO "django_migrations" VALUES(9,'auth','0004_alter_user_username_opts','2022-03-04 01:27:05.134263');
INSERT INTO "django_migrations" VALUES(10,'auth','0005_alter_user_last_login_null','2022-03-04 01:27:05.153263');
INSERT INTO "django_migrations" VALUES(11,'auth','0006_require_contenttypes_0002','2022-03-04 01:27:05.162268');
INSERT INTO "django_migrations" VALUES(12,'auth','0007_alter_validators_add_error_messages','2022-03-04 01:27:05.183266');
INSERT INTO "django_migrations" VALUES(13,'auth','0008_alter_user_username_max_length','2022-03-04 01:27:05.202266');
INSERT INTO "django_migrations" VALUES(14,'auth','0009_alter_user_last_name_max_length','2022-03-04 01:27:05.222268');
INSERT INTO "django_migrations" VALUES(15,'auth','0010_alter_group_name_max_length','2022-03-04 01:27:05.242268');
INSERT INTO "django_migrations" VALUES(16,'auth','0011_update_proxy_permissions','2022-03-04 01:27:05.257271');
INSERT INTO "django_migrations" VALUES(17,'auth','0012_alter_user_first_name_max_length','2022-03-04 01:27:05.285273');
INSERT INTO "django_migrations" VALUES(18,'sessions','0001_initial','2022-03-04 01:27:05.304274');
INSERT INTO "django_migrations" VALUES(19,'posApp','0001_initial','2022-03-04 02:25:58.699581');
INSERT INTO "django_migrations" VALUES(20,'posApp','0002_products','2022-03-04 02:41:11.330082');
INSERT INTO "django_migrations" VALUES(21,'posApp','0003_sales','2022-03-04 07:18:04.015054');
INSERT INTO "django_migrations" VALUES(22,'posApp','0004_salesitems','2022-03-04 07:20:39.465608');
INSERT INTO "django_migrations" VALUES(23,'posApp','0005_auto_20220609_1327','2022-06-09 05:49:40.908262');
INSERT INTO "django_migrations" VALUES(24,'posApp','0006_products_stocks','2022-06-09 08:04:37.433189');
INSERT INTO "django_migrations" VALUES(25,'posApp','0007_auto_20220720_2352','2022-07-20 15:54:13.093457');
INSERT INTO "django_migrations" VALUES(26,'posApp','0008_auto_20220721_1658','2022-07-21 08:58:54.454027');
INSERT INTO "django_migrations" VALUES(27,'posApp','0009_products_discounted_price','2022-07-21 09:18:02.975325');
INSERT INTO "django_migrations" VALUES(28,'posApp','0010_auto_20220721_1737','2022-07-21 09:37:54.705308');
INSERT INTO "django_migrations" VALUES(29,'posApp','0011_auto_20220721_2353','2022-07-21 15:53:52.829424');
INSERT INTO "django_migrations" VALUES(30,'posApp','0012_auto_20220725_1853','2022-07-25 10:53:27.148999');
INSERT INTO "django_migrations" VALUES(31,'posApp','0013_products_chart_stock','2022-08-02 15:20:11.316521');
INSERT INTO "django_migrations" VALUES(32,'posApp','0014_inventoryrecord_salesitems_date_added_and_more','2022-11-17 06:23:57.642531');
INSERT INTO "django_migrations" VALUES(33,'posApp','0015_alter_inventoryrecord_date_added_and_more','2022-11-17 06:36:56.155149');
INSERT INTO "django_migrations" VALUES(34,'posApp','0016_alter_inventoryrecord_date_added_and_more','2022-11-17 13:22:15.312639');
INSERT INTO "django_migrations" VALUES(35,'posApp','0017_alter_inventoryrecord_date_added_and_more','2022-11-17 15:30:49.082366');
INSERT INTO "django_migrations" VALUES(36,'posApp','0018_alter_salesitems_date_added','2022-11-17 15:59:41.936105');
INSERT INTO "django_migrations" VALUES(37,'posApp','0019_alter_inventoryrecord_date_added_and_more','2022-11-17 16:05:34.504831');
INSERT INTO "django_migrations" VALUES(38,'posApp','0020_alter_salesitems_date_added','2022-11-21 12:44:55.824190');
INSERT INTO "django_migrations" VALUES(39,'posApp','0021_remove_inventoryrecord_date_added_and_more','2022-11-21 12:53:52.835292');
INSERT INTO "django_migrations" VALUES(40,'posApp','0022_alter_inventoryrecord_product_id_and_more','2022-11-22 11:49:26.229447');
INSERT INTO "django_migrations" VALUES(41,'posApp','0023_inventoryrecord_status','2022-11-23 13:40:36.730201');
INSERT INTO "django_migrations" VALUES(42,'posApp','0024_inventoryrecord_discount','2022-11-24 12:33:55.149287');
INSERT INTO "django_migrations" VALUES(43,'posApp','0025_rename_product_id_inventoryrecord_product_record_id_and_more','2022-11-25 10:14:26.818076');
INSERT INTO "django_migrations" VALUES(44,'posApp','0026_alter_inventoryrecord_product_record_id','2022-11-25 10:20:57.409653');
INSERT INTO "django_migrations" VALUES(45,'posApp','0027_remove_inventoryrecord_product_record_id_and_more','2022-11-25 11:22:23.433065');
INSERT INTO "django_migrations" VALUES(46,'posApp','0028_alter_inventoryrecord_st_date','2022-11-25 12:58:06.516973');
INSERT INTO "django_migrations" VALUES(47,'posApp','0029_alter_inventoryrecord_st_date','2022-11-25 13:25:50.891442');
INSERT INTO "django_migrations" VALUES(48,'django_apscheduler','0001_initial','2023-01-09 13:34:31.428476');
INSERT INTO "django_migrations" VALUES(49,'django_apscheduler','0002_auto_20180412_0758','2023-01-09 13:34:31.459722');
INSERT INTO "django_migrations" VALUES(50,'django_apscheduler','0003_auto_20200716_1632','2023-01-09 13:34:31.490936');
INSERT INTO "django_migrations" VALUES(51,'django_apscheduler','0004_auto_20200717_1043','2023-01-09 13:34:31.506550');
INSERT INTO "django_migrations" VALUES(52,'django_apscheduler','0005_migrate_name_to_id','2023-01-09 13:34:31.537840');
INSERT INTO "django_migrations" VALUES(53,'django_apscheduler','0006_remove_djangojob_name','2023-01-09 13:34:31.553428');
INSERT INTO "django_migrations" VALUES(54,'django_apscheduler','0007_auto_20200717_1404','2023-01-09 13:34:31.569095');
INSERT INTO "django_migrations" VALUES(55,'django_apscheduler','0008_remove_djangojobexecution_started','2023-01-09 13:34:31.584723');
INSERT INTO "django_migrations" VALUES(56,'django_apscheduler','0009_djangojobexecution_unique_job_executions','2023-01-09 13:34:31.600300');
INSERT INTO "django_migrations" VALUES(57,'posApp','0030_alter_inventoryrecord_st_date','2023-01-12 10:46:27.054808');
INSERT INTO "django_migrations" VALUES(58,'posApp','0031_alter_inventoryrecord_st_date','2023-01-12 10:50:35.711784');
INSERT INTO "django_migrations" VALUES(59,'posApp','0032_alter_inventoryrecord_st_date','2023-01-12 10:50:35.720805');
INSERT INTO "django_migrations" VALUES(60,'posApp','0033_alter_inventoryrecord_st_date','2023-01-12 10:56:55.586090');
INSERT INTO "django_migrations" VALUES(61,'posApp','0034_alter_inventoryrecord_st_date','2023-01-12 11:03:20.200918');
INSERT INTO "django_migrations" VALUES(62,'posApp','0035_alter_inventoryrecord_st_date','2023-01-12 11:04:32.826978');
INSERT INTO "django_migrations" VALUES(63,'posApp','0036_alter_inventoryrecord_st_date','2023-01-12 11:15:34.939896');
INSERT INTO "django_migrations" VALUES(64,'posApp','0037_alter_inventoryrecord_st_date','2023-01-12 11:17:34.841682');
INSERT INTO "django_migrations" VALUES(65,'posApp','0038_alter_inventoryrecord_product_name','2023-01-12 14:52:55.621906');
INSERT INTO "django_migrations" VALUES(66,'posApp','0039_alter_inventoryrecord_product_name','2023-01-12 14:52:55.637542');
INSERT INTO "django_migrations" VALUES(67,'posApp','0040_alter_inventoryrecord_product_name','2023-01-12 14:52:55.637542');
INSERT INTO "django_migrations" VALUES(68,'posApp','0041_alter_inventoryrecord_product_name','2023-01-12 14:52:55.637542');
INSERT INTO "django_migrations" VALUES(69,'posApp','0042_alter_inventoryrecord_product_name','2023-01-12 15:11:57.813389');
INSERT INTO "django_migrations" VALUES(70,'posApp','0043_alter_inventoryrecord_st_date','2023-01-13 07:13:39.701790');
CREATE UNIQUE INDEX "auth_group_permissions_group_id_permission_id_0cd325b0_uniq" ON "auth_group_permissions" ("group_id", "permission_id");
CREATE INDEX IF NOT EXISTS "auth_group_permissions_group_id_b120cbf9" ON "auth_group_permissions" ("group_id");
CREATE INDEX IF NOT EXISTS "auth_group_permissions_permission_id_84c5c92e" ON "auth_group_permissions" ("permission_id");
CREATE UNIQUE INDEX "auth_user_groups_user_id_group_id_94350c0c_uniq" ON "auth_user_groups" ("user_id", "group_id");
CREATE INDEX IF NOT EXISTS "auth_user_groups_user_id_6a12ed8b" ON "auth_user_groups" ("user_id");
CREATE INDEX IF NOT EXISTS "auth_user_groups_group_id_97559544" ON "auth_user_groups" ("group_id");
CREATE UNIQUE INDEX "auth_user_user_permissions_user_id_permission_id_14a6b632_uniq" ON "auth_user_user_permissions" ("user_id", "permission_id");
CREATE INDEX IF NOT EXISTS "auth_user_user_permissions_user_id_a95ead1b" ON "auth_user_user_permissions" ("user_id");
CREATE INDEX IF NOT EXISTS "auth_user_user_permissions_permission_id_1fbb5f2c" ON "auth_user_user_permissions" ("permission_id");
CREATE INDEX IF NOT EXISTS "django_admin_log_content_type_id_c4bce8eb" ON "django_admin_log" ("content_type_id");
CREATE INDEX IF NOT EXISTS "django_admin_log_user_id_c564eba6" ON "django_admin_log" ("user_id");
CREATE UNIQUE INDEX "django_content_type_app_label_model_76bd3d3b_uniq" ON "django_content_type" ("app_label", "model");
CREATE UNIQUE INDEX "auth_permission_content_type_id_codename_01ab375a_uniq" ON "auth_permission" ("content_type_id", "codename");
CREATE INDEX IF NOT EXISTS "auth_permission_content_type_id_2f476e4b" ON "auth_permission" ("content_type_id");
CREATE INDEX IF NOT EXISTS "django_session_expire_date_a5c62663" ON "django_session" ("expire_date");
CREATE INDEX IF NOT EXISTS "posApp_products_category_id_id_46bd9586" ON "posApp_products" ("category_id_id");
CREATE INDEX IF NOT EXISTS "posApp_salesitems_product_id_id_fc74a6d5" ON "posApp_salesitems" ("product_id_id");
CREATE INDEX IF NOT EXISTS "posApp_salesitems_sale_id_id_dc0c6e0b" ON "posApp_salesitems" ("sale_id_id");
CREATE INDEX IF NOT EXISTS "django_apscheduler_djangojob_next_run_time_2f022619" ON "django_apscheduler_djangojob" ("next_run_time");
CREATE INDEX IF NOT EXISTS "django_apscheduler_djangojobexecution_run_time_16edd96b" ON "django_apscheduler_djangojobexecution" ("run_time");
CREATE INDEX IF NOT EXISTS "django_apscheduler_djangojobexecution_job_id_daf5090a" ON "django_apscheduler_djangojobexecution" ("job_id");
CREATE INDEX IF NOT EXISTS "posApp_inventoryrecord_product_name_id_3ce4501c" ON "posApp_inventoryrecord" ("product_name_id");
CREATE TABLE IF NOT EXISTS "django_session" ("session_key" varchar(40) NOT NULL PRIMARY KEY, "session_data" text NOT NULL, "expire_date" datetime NOT NULL);
INSERT INTO "django_session" VALUES('9j5tbplpxoj4cd5jo4lxu9fajtlsximm','.eJxVjDsOwjAQBe_iGlmsHZaYkj5niPZnHECJFCcV4u4QKQW0b2bey_W0LqVfq839oO7iwB1-NyZ52LgBvdN4m7xM4zIP7DfF77T6blJ7Xnf376BQLd-aORpgQyYptAFRTaAVPAWO2GQWPqekQtIKC9BRkyqkADFjZkuC7v0BCD05JQ:1nPxCE:YgjhEZlsGheHlT-WbhRr9LqX7VbbtQCVzrQPYA65xbQ','2022-03-18 01:57:30.559779');
INSERT INTO "django_session" VALUES('tdsyfttq8nsv019w356krlt2ffjorlqn','.eJxVjDsOwjAQBe_iGlmsHZaYkj5niPZnHECJFCcV4u4QKQW0b2bey_W0LqVfq839oO7iwB1-NyZ52LgBvdN4m7xM4zIP7DfF77T6blJ7Xnf376BQLd-aORpgQyYptAFRTaAVPAWO2GQWPqekQtIKC9BRkyqkADFjZkuC7v0BCD05JQ:1nQIKi:RIJblgwCzcQzouAAaaMWB1-Mp4oUuciyiDce6TqXLNI','2022-03-19 00:31:40.966310');
INSERT INTO "django_session" VALUES('42kpzfv40h8gbmxmswvhiuwehw9z26dj','.eJxVjDsOwjAQBe_iGlmsHZaYkj5niPZnHECJFCcV4u4QKQW0b2bey_W0LqVfq839oO7iwB1-NyZ52LgBvdN4m7xM4zIP7DfF77T6blJ7Xnf376BQLd-aORpgQyYptAFRTaAVPAWO2GQWPqekQtIKC9BRkyqkADFjZkuC7v0BCD05JQ:1nQMjp:EUgjIh2W65Dd3daWFYb8MN6WfNnLhF09MtTju5V01S4','2022-03-19 05:13:53.055376');
INSERT INTO "django_session" VALUES('lr1yjkuqd40dzt01lygssi91z8gxjea9','.eJxVjMEOwiAQRP-FsyFluxTw6L3fQBbYStXQpLQn479Lkx70OPPezFt42rfs98qrn5O4CiUuv12g-ORygPSgcl9kXMq2zkEeijxpleOS-HU73b-DTDW3NQMA9jpNmskapJYCaoM4RIZJaYuobYROGXapcyH2AczAbdaQsyA-X8FjNrs:1nlo2k:gA4pOQMdGvLjEGzQPoHcnQx9qtcz3WPgOVIHFA4wKgU','2022-05-17 08:38:02.279064');
INSERT INTO "django_session" VALUES('e7jmv3ocdqwodav55g4uocnsk0pi2rms','.eJxVjMEOwiAQRP-FsyFluxTw6L3fQBbYStXQpLQn479Lkx70OPPezFt42rfs98qrn5O4CiUuv12g-ORygPSgcl9kXMq2zkEeijxpleOS-HU73b-DTDW3NQMA9jpNmskapJYCaoM4RIZJaYuobYROGXapcyH2AczAbdaQsyA-X8FjNrs:1nopai:fvxKseHZ8qNbcVfLr573s1Wy2F6ss_9J3mNM5Z1TUXM','2022-05-25 16:53:36.442231');
INSERT INTO "django_session" VALUES('sjys7ncdflwi20q2ofo8hncdqho08xp9','.eJxVjMEOwiAQRP-FsyFluxTw6L3fQBbYStXQpLQn479Lkx70OPPezFt42rfs98qrn5O4CiUuv12g-ORygPSgcl9kXMq2zkEeijxpleOS-HU73b-DTDW3NQMA9jpNmskapJYCaoM4RIZJaYuobYROGXapcyH2AczAbdaQsyA-X8FjNrs:1nvxn5:sygux8_prs08t41GHxeQRwb0CrTyLGD0U8a8wPpeeiY','2022-06-14 09:03:51.546400');
INSERT INTO "django_session" VALUES('hkaz8rjg0b9nyqjnc7thecnq8c7rfahz','.eJxVjMEOwiAQRP-FsyFluxTw6L3fQBbYStXQpLQn479Lkx70OPPezFt42rfs98qrn5O4CiUuv12g-ORygPSgcl9kXMq2zkEeijxpleOS-HU73b-DTDW3NQMA9jpNmskapJYCaoM4RIZJaYuobYROGXapcyH2AczAbdaQsyA-X8FjNrs:1nwI3a:Q3ZKpqfSBq4r65IKf7vezNescmMb1NMufUvEqhsq_a0','2022-06-15 06:42:14.105601');
INSERT INTO "django_session" VALUES('ita6zuavsggzhbshblh9qqhekb33hi9h','.eJxVjMEOwiAQRP-FsyFluxTw6L3fQBbYStXQpLQn479Lkx70OPPezFt42rfs98qrn5O4CiUuv12g-ORygPSgcl9kXMq2zkEeijxpleOS-HU73b-DTDW3NQMA9jpNmskapJYCaoM4RIZJaYuobYROGXapcyH2AczAbdaQsyA-X8FjNrs:1nx1gO:J0n_sCxqQthpNV8bxjHgqcawkqUTrN52OGqwE5qmUGw','2022-06-17 07:25:20.646275');
INSERT INTO "django_session" VALUES('o2r5775us2x78g4jle6pu3dvvnygkc05','ZGQ4MjczM2Y1N2MxZTA2YWE2ODVjZDA5NGFjYzhhY2E1NjMzODA0Mjp7Il9hdXRoX3VzZXJfaWQiOiIxIiwiX2F1dGhfdXNlcl9iYWNrZW5kIjoiZGphbmdvLmNvbnRyaWIuYXV0aC5iYWNrZW5kcy5Nb2RlbEJhY2tlbmQiLCJfYXV0aF91c2VyX2hhc2giOiIxMTY0NjdkZDk5MWVlN2Q5ZmI4MGVkYTMzZGIyM2RlMTA2YmQyZmRkIn0=','2022-06-27 08:57:35.855756');
INSERT INTO "django_session" VALUES('fjyzffl7j2uwofp261jibnhcvspwrd81','ZGQ4MjczM2Y1N2MxZTA2YWE2ODVjZDA5NGFjYzhhY2E1NjMzODA0Mjp7Il9hdXRoX3VzZXJfaWQiOiIxIiwiX2F1dGhfdXNlcl9iYWNrZW5kIjoiZGphbmdvLmNvbnRyaWIuYXV0aC5iYWNrZW5kcy5Nb2RlbEJhY2tlbmQiLCJfYXV0aF91c2VyX2hhc2giOiIxMTY0NjdkZDk5MWVlN2Q5ZmI4MGVkYTMzZGIyM2RlMTA2YmQyZmRkIn0=','2022-07-06 03:29:19.491730');
INSERT INTO "django_session" VALUES('au0i0s0i52midjs3waq97h3yirlvbpnd','YTAyOThjZTM0MWFkM2Y2YTY4NzA5ZDM1MGZjMWM4Y2Y3MmE0N2RlNDp7Il9hdXRoX3VzZXJfaWQiOiIzIiwiX2F1dGhfdXNlcl9iYWNrZW5kIjoiZGphbmdvLmNvbnRyaWIuYXV0aC5iYWNrZW5kcy5Nb2RlbEJhY2tlbmQiLCJfYXV0aF91c2VyX2hhc2giOiIyZGYwM2IwM2RiMDgyYmFhZDg3OTM0MTIyNzY1OWFiODNiM2Y4ZmNmIn0=','2022-08-03 14:07:50.918021');
INSERT INTO "django_session" VALUES('zyo4aihogcbhw2uc1hpvzztpp2w9eugn','ZGQ4MjczM2Y1N2MxZTA2YWE2ODVjZDA5NGFjYzhhY2E1NjMzODA0Mjp7Il9hdXRoX3VzZXJfaWQiOiIxIiwiX2F1dGhfdXNlcl9iYWNrZW5kIjoiZGphbmdvLmNvbnRyaWIuYXV0aC5iYWNrZW5kcy5Nb2RlbEJhY2tlbmQiLCJfYXV0aF91c2VyX2hhc2giOiIxMTY0NjdkZDk5MWVlN2Q5ZmI4MGVkYTMzZGIyM2RlMTA2YmQyZmRkIn0=','2022-08-08 13:12:46.544108');
INSERT INTO "django_session" VALUES('88de03qvvfmknh4di9xcjqxumcx6xoet','ZGQ4MjczM2Y1N2MxZTA2YWE2ODVjZDA5NGFjYzhhY2E1NjMzODA0Mjp7Il9hdXRoX3VzZXJfaWQiOiIxIiwiX2F1dGhfdXNlcl9iYWNrZW5kIjoiZGphbmdvLmNvbnRyaWIuYXV0aC5iYWNrZW5kcy5Nb2RlbEJhY2tlbmQiLCJfYXV0aF91c2VyX2hhc2giOiIxMTY0NjdkZDk5MWVlN2Q5ZmI4MGVkYTMzZGIyM2RlMTA2YmQyZmRkIn0=','2022-08-17 11:09:56.002357');
INSERT INTO "django_session" VALUES('zoqenn1pj71m3xvy49c5tlyn6t8b2yvf','ZGQ4MjczM2Y1N2MxZTA2YWE2ODVjZDA5NGFjYzhhY2E1NjMzODA0Mjp7Il9hdXRoX3VzZXJfaWQiOiIxIiwiX2F1dGhfdXNlcl9iYWNrZW5kIjoiZGphbmdvLmNvbnRyaWIuYXV0aC5iYWNrZW5kcy5Nb2RlbEJhY2tlbmQiLCJfYXV0aF91c2VyX2hhc2giOiIxMTY0NjdkZDk5MWVlN2Q5ZmI4MGVkYTMzZGIyM2RlMTA2YmQyZmRkIn0=','2022-10-18 05:30:16.981335');
INSERT INTO "django_session" VALUES('qgbiax9bxstn4rr5htyd2wkczziji5gb','ZGQ4MjczM2Y1N2MxZTA2YWE2ODVjZDA5NGFjYzhhY2E1NjMzODA0Mjp7Il9hdXRoX3VzZXJfaWQiOiIxIiwiX2F1dGhfdXNlcl9iYWNrZW5kIjoiZGphbmdvLmNvbnRyaWIuYXV0aC5iYWNrZW5kcy5Nb2RlbEJhY2tlbmQiLCJfYXV0aF91c2VyX2hhc2giOiIxMTY0NjdkZDk5MWVlN2Q5ZmI4MGVkYTMzZGIyM2RlMTA2YmQyZmRkIn0=','2022-10-21 14:26:45.843264');
INSERT INTO "django_session" VALUES('qm3g0vyk8vqgvpslhr72ocb3j1v5fak1','ZGQ4MjczM2Y1N2MxZTA2YWE2ODVjZDA5NGFjYzhhY2E1NjMzODA0Mjp7Il9hdXRoX3VzZXJfaWQiOiIxIiwiX2F1dGhfdXNlcl9iYWNrZW5kIjoiZGphbmdvLmNvbnRyaWIuYXV0aC5iYWNrZW5kcy5Nb2RlbEJhY2tlbmQiLCJfYXV0aF91c2VyX2hhc2giOiIxMTY0NjdkZDk5MWVlN2Q5ZmI4MGVkYTMzZGIyM2RlMTA2YmQyZmRkIn0=','2022-10-26 11:35:32.475680');
INSERT INTO "django_session" VALUES('182qcfjrgijdnnhy2h505labzz60ji8c','ZGQ4MjczM2Y1N2MxZTA2YWE2ODVjZDA5NGFjYzhhY2E1NjMzODA0Mjp7Il9hdXRoX3VzZXJfaWQiOiIxIiwiX2F1dGhfdXNlcl9iYWNrZW5kIjoiZGphbmdvLmNvbnRyaWIuYXV0aC5iYWNrZW5kcy5Nb2RlbEJhY2tlbmQiLCJfYXV0aF91c2VyX2hhc2giOiIxMTY0NjdkZDk5MWVlN2Q5ZmI4MGVkYTMzZGIyM2RlMTA2YmQyZmRkIn0=','2022-10-28 05:06:41.780774');
INSERT INTO "django_session" VALUES('ip11e08b03uqdrvyocm1w94eam75sg9e','.eJxVjDsOwjAQBe_iGln-rT-U9JzBsr1eHECOFCcV4u4QKQW0b2bei8W0rS1uoy5xQnZmkp1-t5zKo_Yd4D3128zL3NdlynxX-EEHv85Yn5fD_TtoabRv7XLxIIwiWWq2QZA0pMhqp5MrTgMZGdBZoTyA0GSQagYbtBRgfUXD3h_QZjch:1onYpV:Saxs0sp6mlqjgn-LO8QxtSqGFxLlBgNVnD63gAdvYwI','2022-11-09 05:19:53.701264');
INSERT INTO "django_session" VALUES('4seegbmttbu4yy6kevoaq28bayq86yiu','.eJxVjDsOwjAQBe_iGln-rT-U9JzBsr1eHECOFCcV4u4QKQW0b2bei8W0rS1uoy5xQnZmkp1-t5zKo_Yd4D3128zL3NdlynxX-EEHv85Yn5fD_TtoabRv7XLxIIwiWWq2QZA0pMhqp5MrTgMZGdBZoTyA0GSQagYbtBRgfUXD3h_QZjch:1owzeg:AOYh2zSke7n0aANgrcl81vCci09RxC4Dpp29JVQmpgk','2022-12-05 05:47:42.518094');
INSERT INTO "django_session" VALUES('hymxrj5txnvgicexgl1rhxzpmhtdug35','.eJxVjDsOwjAQBe_iGln-rT-U9JzBsr1eHECOFCcV4u4QKQW0b2bei8W0rS1uoy5xQnZmkp1-t5zKo_Yd4D3128zL3NdlynxX-EEHv85Yn5fD_TtoabRv7XLxIIwiWWq2QZA0pMhqp5MrTgMZGdBZoTyA0GSQagYbtBRgfUXD3h_QZjch:1oyVbZ:yowzuOu2XVjicPPfvoX2ykT_i0Zt9XJQjenK66behxk','2022-12-09 10:06:45.821396');
INSERT INTO "django_session" VALUES('kkieucldg2i65y7wnkoot58idhu2nie5','.eJxVjDsOwjAQBe_iGln-rT-U9JzBsr1eHECOFCcV4u4QKQW0b2bei8W0rS1uoy5xQnZmkp1-t5zKo_Yd4D3128zL3NdlynxX-EEHv85Yn5fD_TtoabRv7XLxIIwiWWq2QZA0pMhqp5MrTgMZGdBZoTyA0GSQagYbtBRgfUXD3h_QZjch:1p0FyV:ZjDCyGT1kXIVbk_VuKqrRI9kKTXA2lzQkPWiS8oaFj0','2022-12-14 05:49:39.580911');
INSERT INTO "django_session" VALUES('jubsae6iw3vhgioploe1zbex0pwozegu','.eJxVjDsOwjAQBe_iGln-rT-U9JzBsr1eHECOFCcV4u4QKQW0b2bei8W0rS1uoy5xQnZmkp1-t5zKo_Yd4D3128zL3NdlynxX-EEHv85Yn5fD_TtoabRv7XLxIIwiWWq2QZA0pMhqp5MrTgMZGdBZoTyA0GSQagYbtBRgfUXD3h_QZjch:1p3EdP:3PcAMZaNul4HL-DoeNABCABnMT4wRi9eD8vck0k327g','2022-12-22 11:00:11.056598');
INSERT INTO "django_session" VALUES('e2464uxt0cpdrr2uqoi726m0b416malv','.eJxVjDsOwjAQBe_iGln-rT-U9JzBsr1eHECOFCcV4u4QKQW0b2bei8W0rS1uoy5xQnZmkp1-t5zKo_Yd4D3128zL3NdlynxX-EEHv85Yn5fD_TtoabRv7XLxIIwiWWq2QZA0pMhqp5MrTgMZGdBZoTyA0GSQagYbtBRgfUXD3h_QZjch:1pDjP5:V-1yug4YKUbhQ-gSNoBmmbAmV7GkMZlAv_kd_llNQZ4','2023-01-20 09:52:47.042145');
INSERT INTO "django_session" VALUES('g8lr74rozeoltg1y5wfcozgwvdwpc3ax','.eJxVjDsOwjAQBe_iGln-rT-U9JzBsr1eHECOFCcV4u4QKQW0b2bei8W0rS1uoy5xQnZmkp1-t5zKo_Yd4D3128zL3NdlynxX-EEHv85Yn5fD_TtoabRv7XLxIIwiWWq2QZA0pMhqp5MrTgMZGdBZoTyA0GSQagYbtBRgfUXD3h_QZjch:1pENJQ:dNKsUZofUw3ISP7yskIUyi1DyNvuPygG2sqK1hU9pnc','2023-01-22 04:29:36.366216');
INSERT INTO "django_session" VALUES('4jaurjgf36rebvvyicwgj4zojrgu8med','.eJxVjDsOwyAQBe9CHSFg-Tllep8BLbAEJxGWjF1FuXtsyUXSzsx7bxZwW2vYOi1hyuzKJLv8sojpSe0Q-YHtPvM0t3WZIj8SftrOxznT63a2fwcVe93XHkGTyiJbcMJF1CBLkQORlVAwJmOTMYOWSclcdhS9SB7IKu1E9ArY5wviXzeT:1pEsR4:SM6ucMxu1U8U39nKg6KLXeONL4M5dfjSbEQVtoUEkQk','2023-01-23 13:43:34.430832');
INSERT INTO "django_session" VALUES('mke6q9igi7fjg4tjn7jk3a60gof7z6x7','.eJxVjEEOwiAQRe_C2pABOim4dO8ZCMMMUjU0Ke3KeHdt0oVu_3vvv1RM21rj1mWJE6uzCur0u1HKD2k74Htqt1nnua3LRHpX9EG7vs4sz8vh_h3U1Ou3Lt4EcmQcE6ChAdBDSZ49AggT--DEFg82WMQsaQAXiF0eZcSC1qn3B9_XN6M:1pGYcv:bZywGiD7pEhcnVzR0uJ4IiDWl3FzqW3Gnsfk3apQZqs','2023-01-28 04:58:45.846134');
CREATE UNIQUE INDEX "auth_group_permissions_group_id_permission_id_0cd325b0_uniq" ON "auth_group_permissions" ("group_id", "permission_id");
CREATE INDEX IF NOT EXISTS "auth_group_permissions_group_id_b120cbf9" ON "auth_group_permissions" ("group_id");
CREATE INDEX IF NOT EXISTS "auth_group_permissions_permission_id_84c5c92e" ON "auth_group_permissions" ("permission_id");
CREATE UNIQUE INDEX "auth_user_groups_user_id_group_id_94350c0c_uniq" ON "auth_user_groups" ("user_id", "group_id");
CREATE INDEX IF NOT EXISTS "auth_user_groups_user_id_6a12ed8b" ON "auth_user_groups" ("user_id");
CREATE INDEX IF NOT EXISTS "auth_user_groups_group_id_97559544" ON "auth_user_groups" ("group_id");
CREATE UNIQUE INDEX "auth_user_user_permissions_user_id_permission_id_14a6b632_uniq" ON "auth_user_user_permissions" ("user_id", "permission_id");
CREATE INDEX IF NOT EXISTS "auth_user_user_permissions_user_id_a95ead1b" ON "auth_user_user_permissions" ("user_id");
CREATE INDEX IF NOT EXISTS "auth_user_user_permissions_permission_id_1fbb5f2c" ON "auth_user_user_permissions" ("permission_id");
CREATE INDEX IF NOT EXISTS "django_admin_log_content_type_id_c4bce8eb" ON "django_admin_log" ("content_type_id");
CREATE INDEX IF NOT EXISTS "django_admin_log_user_id_c564eba6" ON "django_admin_log" ("user_id");
CREATE UNIQUE INDEX "django_content_type_app_label_model_76bd3d3b_uniq" ON "django_content_type" ("app_label", "model");
CREATE UNIQUE INDEX "auth_permission_content_type_id_codename_01ab375a_uniq" ON "auth_permission" ("content_type_id", "codename");
CREATE INDEX IF NOT EXISTS "auth_permission_content_type_id_2f476e4b" ON "auth_permission" ("content_type_id");
CREATE INDEX IF NOT EXISTS "django_session_expire_date_a5c62663" ON "django_session" ("expire_date");
CREATE INDEX IF NOT EXISTS "posApp_products_category_id_id_46bd9586" ON "posApp_products" ("category_id_id");
CREATE INDEX IF NOT EXISTS "posApp_salesitems_product_id_id_fc74a6d5" ON "posApp_salesitems" ("product_id_id");
CREATE INDEX IF NOT EXISTS "posApp_salesitems_sale_id_id_dc0c6e0b" ON "posApp_salesitems" ("sale_id_id");
CREATE INDEX IF NOT EXISTS "django_apscheduler_djangojob_next_run_time_2f022619" ON "django_apscheduler_djangojob" ("next_run_time");
CREATE INDEX IF NOT EXISTS "django_apscheduler_djangojobexecution_run_time_16edd96b" ON "django_apscheduler_djangojobexecution" ("run_time");
CREATE INDEX IF NOT EXISTS "django_apscheduler_djangojobexecution_job_id_daf5090a" ON "django_apscheduler_djangojobexecution" ("job_id");
CREATE INDEX IF NOT EXISTS "posApp_inventoryrecord_product_name_id_3ce4501c" ON "posApp_inventoryrecord" ("product_name_id");
CREATE TABLE IF NOT EXISTS "posApp_category" ("id" integer NOT NULL PRIMARY KEY AUTOINCREMENT, "name" text NOT NULL, "description" text NOT NULL, "status" integer NOT NULL, "date_added" datetime NOT NULL, "date_updated" datetime NOT NULL);
INSERT INTO "posApp_category" VALUES(8,'Dishwashing Liquid Premium',' ',1,'2023-01-08 13:32:19.339834','2023-01-08 13:32:19.340834');
INSERT INTO "posApp_category" VALUES(9,'Dishwashing Liquid Superb',' ',1,'2023-01-08 13:46:30.523223','2023-01-08 13:46:30.523223');
INSERT INTO "posApp_category" VALUES(10,'Fabric Conditioner Superb',' ',1,'2023-01-08 13:46:42.772006','2023-01-08 13:46:42.772006');
INSERT INTO "posApp_category" VALUES(11,'Fabric Conditioner',' ',1,'2023-01-08 13:47:29.443426','2023-01-08 13:47:29.443426');
INSERT INTO "posApp_category" VALUES(12,'Handsoap',' ',1,'2023-01-08 13:47:41.604093','2023-01-08 13:47:41.604093');
INSERT INTO "posApp_category" VALUES(13,'Liquid Detergent HE Ariel',' ',1,'2023-01-08 13:47:56.803593','2023-01-08 13:47:56.803593');
INSERT INTO "posApp_category" VALUES(14,'Liquid Bleach',' ',1,'2023-01-08 13:48:16.242740','2023-01-08 13:48:16.242740');
INSERT INTO "posApp_category" VALUES(15,'Car/Motor Shampoo Premium',' ',1,'2023-01-08 13:48:37.443930','2023-01-08 13:48:37.443930');
INSERT INTO "posApp_category" VALUES(16,'Pet Shampoo',' ',1,'2023-01-08 13:48:48.515812','2023-01-08 13:48:48.516844');
INSERT INTO "posApp_category" VALUES(17,'Powder Detergent',' ',1,'2023-01-08 13:48:57.410651','2023-01-08 13:48:57.410651');
INSERT INTO "posApp_category" VALUES(18,'Toilet Cleaner',' ',1,'2023-01-08 13:49:05.267007','2023-01-08 13:49:05.267007');
INSERT INTO "posApp_category" VALUES(19,'Alcohol 70% Isopropyl',' ',1,'2023-01-08 13:49:17.436703','2023-01-08 13:49:17.436703');
CREATE UNIQUE INDEX "auth_group_permissions_group_id_permission_id_0cd325b0_uniq" ON "auth_group_permissions" ("group_id", "permission_id");
CREATE INDEX IF NOT EXISTS "auth_group_permissions_group_id_b120cbf9" ON "auth_group_permissions" ("group_id");
CREATE INDEX IF NOT EXISTS "auth_group_permissions_permission_id_84c5c92e" ON "auth_group_permissions" ("permission_id");
CREATE UNIQUE INDEX "auth_user_groups_user_id_group_id_94350c0c_uniq" ON "auth_user_groups" ("user_id", "group_id");
CREATE INDEX IF NOT EXISTS "auth_user_groups_user_id_6a12ed8b" ON "auth_user_groups" ("user_id");
CREATE INDEX IF NOT EXISTS "auth_user_groups_group_id_97559544" ON "auth_user_groups" ("group_id");
CREATE UNIQUE INDEX "auth_user_user_permissions_user_id_permission_id_14a6b632_uniq" ON "auth_user_user_permissions" ("user_id", "permission_id");
CREATE INDEX IF NOT EXISTS "auth_user_user_permissions_user_id_a95ead1b" ON "auth_user_user_permissions" ("user_id");
CREATE INDEX IF NOT EXISTS "auth_user_user_permissions_permission_id_1fbb5f2c" ON "auth_user_user_permissions" ("permission_id");
CREATE INDEX IF NOT EXISTS "django_admin_log_content_type_id_c4bce8eb" ON "django_admin_log" ("content_type_id");
CREATE INDEX IF NOT EXISTS "django_admin_log_user_id_c564eba6" ON "django_admin_log" ("user_id");
CREATE UNIQUE INDEX "django_content_type_app_label_model_76bd3d3b_uniq" ON "django_content_type" ("app_label", "model");
CREATE UNIQUE INDEX "auth_permission_content_type_id_codename_01ab375a_uniq" ON "auth_permission" ("content_type_id", "codename");
CREATE INDEX IF NOT EXISTS "auth_permission_content_type_id_2f476e4b" ON "auth_permission" ("content_type_id");
CREATE INDEX IF NOT EXISTS "django_session_expire_date_a5c62663" ON "django_session" ("expire_date");
CREATE INDEX IF NOT EXISTS "posApp_products_category_id_id_46bd9586" ON "posApp_products" ("category_id_id");
CREATE INDEX IF NOT EXISTS "posApp_salesitems_product_id_id_fc74a6d5" ON "posApp_salesitems" ("product_id_id");
CREATE INDEX IF NOT EXISTS "posApp_salesitems_sale_id_id_dc0c6e0b" ON "posApp_salesitems" ("sale_id_id");
CREATE INDEX IF NOT EXISTS "django_apscheduler_djangojob_next_run_time_2f022619" ON "django_apscheduler_djangojob" ("next_run_time");
CREATE INDEX IF NOT EXISTS "django_apscheduler_djangojobexecution_run_time_16edd96b" ON "django_apscheduler_djangojobexecution" ("run_time");
CREATE INDEX IF NOT EXISTS "django_apscheduler_djangojobexecution_job_id_daf5090a" ON "django_apscheduler_djangojobexecution" ("job_id");
CREATE INDEX IF NOT EXISTS "posApp_inventoryrecord_product_name_id_3ce4501c" ON "posApp_inventoryrecord" ("product_name_id");
CREATE TABLE IF NOT EXISTS "posApp_inventoryrecord" ("id" integer NOT NULL PRIMARY KEY AUTOINCREMENT, "amount_stock" integer NOT NULL, "total" real NOT NULL, "status" text NOT NULL, "product_name_id" bigint NOT NULL REFERENCES "posApp_products" ("id") DEFERRABLE INITIALLY DEFERRED, "st_date" date NOT NULL);
INSERT INTO "posApp_inventoryrecord" VALUES(2,2,70.0,'IN',25,'2023-01-13');
INSERT INTO "posApp_inventoryrecord" VALUES(3,2,70.0,'IN',23,'2023-01-13');
INSERT INTO "posApp_inventoryrecord" VALUES(4,30,1050.0,'OUT',26,'2023-01-13');
INSERT INTO "posApp_inventoryrecord" VALUES(5,20,1100.0,'OUT',74,'2023-01-13');
INSERT INTO "posApp_inventoryrecord" VALUES(6,30,3000.0,'OUT',79,'2023-01-13');
INSERT INTO "posApp_inventoryrecord" VALUES(7,5,175.0,'OUT',25,'2023-01-13');
INSERT INTO "posApp_inventoryrecord" VALUES(8,5,525.0,'OUT',31,'2023-01-13');
INSERT INTO "posApp_inventoryrecord" VALUES(9,5,175.0,'OUT',26,'2023-01-13');
INSERT INTO "posApp_inventoryrecord" VALUES(10,10,1050.0,'IN',31,'2023-01-13');
INSERT INTO "posApp_inventoryrecord" VALUES(11,10,500.0,'IN',65,'2023-01-13');
INSERT INTO "posApp_inventoryrecord" VALUES(12,30,9000.0,'OUT',80,'2023-01-13');
INSERT INTO "posApp_inventoryrecord" VALUES(13,10,350.0,'IN',23,'2023-01-13');
INSERT INTO "posApp_inventoryrecord" VALUES(14,100,3200.0,'IN',61,'2023-01-13');
CREATE UNIQUE INDEX "auth_group_permissions_group_id_permission_id_0cd325b0_uniq" ON "auth_group_permissions" ("group_id", "permission_id");
CREATE INDEX IF NOT EXISTS "auth_group_permissions_group_id_b120cbf9" ON "auth_group_permissions" ("group_id");
CREATE INDEX IF NOT EXISTS "auth_group_permissions_permission_id_84c5c92e" ON "auth_group_permissions" ("permission_id");
CREATE UNIQUE INDEX "auth_user_groups_user_id_group_id_94350c0c_uniq" ON "auth_user_groups" ("user_id", "group_id");
CREATE INDEX IF NOT EXISTS "auth_user_groups_user_id_6a12ed8b" ON "auth_user_groups" ("user_id");
CREATE INDEX IF NOT EXISTS "auth_user_groups_group_id_97559544" ON "auth_user_groups" ("group_id");
CREATE UNIQUE INDEX "auth_user_user_permissions_user_id_permission_id_14a6b632_uniq" ON "auth_user_user_permissions" ("user_id", "permission_id");
CREATE INDEX IF NOT EXISTS "auth_user_user_permissions_user_id_a95ead1b" ON "auth_user_user_permissions" ("user_id");
CREATE INDEX IF NOT EXISTS "auth_user_user_permissions_permission_id_1fbb5f2c" ON "auth_user_user_permissions" ("permission_id");
CREATE INDEX IF NOT EXISTS "django_admin_log_content_type_id_c4bce8eb" ON "django_admin_log" ("content_type_id");
CREATE INDEX IF NOT EXISTS "django_admin_log_user_id_c564eba6" ON "django_admin_log" ("user_id");
CREATE UNIQUE INDEX "django_content_type_app_label_model_76bd3d3b_uniq" ON "django_content_type" ("app_label", "model");
CREATE UNIQUE INDEX "auth_permission_content_type_id_codename_01ab375a_uniq" ON "auth_permission" ("content_type_id", "codename");
CREATE INDEX IF NOT EXISTS "auth_permission_content_type_id_2f476e4b" ON "auth_permission" ("content_type_id");
CREATE INDEX IF NOT EXISTS "django_session_expire_date_a5c62663" ON "django_session" ("expire_date");
CREATE INDEX IF NOT EXISTS "posApp_products_category_id_id_46bd9586" ON "posApp_products" ("category_id_id");
CREATE INDEX IF NOT EXISTS "posApp_salesitems_product_id_id_fc74a6d5" ON "posApp_salesitems" ("product_id_id");
CREATE INDEX IF NOT EXISTS "posApp_salesitems_sale_id_id_dc0c6e0b" ON "posApp_salesitems" ("sale_id_id");
CREATE INDEX IF NOT EXISTS "django_apscheduler_djangojob_next_run_time_2f022619" ON "django_apscheduler_djangojob" ("next_run_time");
CREATE INDEX IF NOT EXISTS "django_apscheduler_djangojobexecution_run_time_16edd96b" ON "django_apscheduler_djangojobexecution" ("run_time");
CREATE INDEX IF NOT EXISTS "django_apscheduler_djangojobexecution_job_id_daf5090a" ON "django_apscheduler_djangojobexecution" ("job_id");
CREATE INDEX IF NOT EXISTS "posApp_inventoryrecord_product_name_id_3ce4501c" ON "posApp_inventoryrecord" ("product_name_id");
CREATE TABLE IF NOT EXISTS "posApp_products" ("id" integer NOT NULL PRIMARY KEY AUTOINCREMENT, "code" varchar(100) NOT NULL, "name" text NOT NULL, "description" text NOT NULL, "price" real NOT NULL, "status" integer NOT NULL, "date_added" datetime NOT NULL, "date_updated" datetime NOT NULL, "category_id_id" bigint NOT NULL REFERENCES "posApp_category" ("id") DEFERRABLE INITIALLY DEFERRED, "stocks" integer NOT NULL, "discount" integer NOT NULL, "chart_stock" integer NOT NULL);
INSERT INTO "posApp_products" VALUES(23,'DL Premium - LITER','Calamansi','1 LITER',35.0,1,'2023-01-08 13:33:36.856163','2023-01-08 13:33:36.856163',8,167,0,9);
INSERT INTO "posApp_products" VALUES(25,'DL PREMIUM - LITER ','Lemon','1 LITER',35.0,1,'2023-01-08 14:09:15.679096','2023-01-08 14:09:15.679096',8,161,0,3);
INSERT INTO "posApp_products" VALUES(26,'DL Premium - LITER  ','Scented Blue','1 LITER',35.0,1,'2023-01-08 14:09:40.798958','2023-01-08 14:09:40.798958',8,98,0,1);
INSERT INTO "posApp_products" VALUES(30,'Dishwashing Liquid Premium -    GALLON','Calamansi','3.7L GALLON',105.0,1,'2023-01-08 14:24:46.526897','2023-01-08 14:24:46.526897',8,53,0,10);
INSERT INTO "posApp_products" VALUES(31,'Dishwashing Liquid Premium - GALLON','Lemon','3.7L GALLON',105.0,1,'2023-01-08 14:25:34.165795','2023-01-08 14:25:34.165795',8,67,0,4);
INSERT INTO "posApp_products" VALUES(32,'Dishwashing Liquid Premium      - GALLON ','Scented Blue','3.7L GALLON',105.0,1,'2023-01-08 14:30:41.358927','2023-01-08 14:30:41.358927',8,56,0,4);
INSERT INTO "posApp_products" VALUES(33,'Dishwashing Liquid Superb - LITER','Calamansi','1 LITER',45.0,1,'2023-01-08 14:32:12.398026','2023-01-08 14:32:12.398026',9,94,0,6);
INSERT INTO "posApp_products" VALUES(34,'Dishwashing Liquid Superb - LITER ','Lemon','1 LITER',45.0,1,'2023-01-08 14:34:45.949457','2023-01-08 14:34:45.949457',9,81,0,7);
INSERT INTO "posApp_products" VALUES(35,'Dishwashing Liquid Superb - LITER  ','Scented Blue','1 LITER',45.0,1,'2023-01-08 14:41:17.408028','2023-01-08 14:41:17.408028',9,97,0,3);
INSERT INTO "posApp_products" VALUES(36,'Dishwashing Liquid Superb - GALLON','Calamansi','3.7L GALLON',120.0,1,'2023-01-08 14:58:27.336276','2023-01-08 14:58:27.336276',9,48,0,2);
INSERT INTO "posApp_products" VALUES(37,'Dishwashing Liquid Superb - GALLON ','Lemon','3.7L GALLON',120.0,1,'2023-01-08 14:58:56.118961','2023-01-08 14:58:56.118961',9,79,0,2);
INSERT INTO "posApp_products" VALUES(38,'Dishwashing Liquid Superb - GALLON  ','Scented Blue','3.7L GALLON',120.0,1,'2023-01-08 14:59:20.797707','2023-01-08 14:59:20.797707',9,45,0,5);
INSERT INTO "posApp_products" VALUES(39,'F.C Superb - LITER','Bulgari Yellow','1 LITER',55.0,1,'2023-01-08 15:05:19.181383','2023-01-08 15:05:19.182384',10,97,0,3);
INSERT INTO "posApp_products" VALUES(40,'F.C Superb - LITER ','BKNY Orange','1 LITER',55.0,1,'2023-01-08 15:06:30.422819','2023-01-08 15:06:30.422819',10,98,0,2);
INSERT INTO "posApp_products" VALUES(41,'F.C Superb - GALLON','Bulgari Yellow','3.7L GALLON',200.0,1,'2023-01-08 15:12:01.783180','2023-01-08 15:12:01.783180',10,36,0,14);
INSERT INTO "posApp_products" VALUES(42,'F.C Superb - GALLON ','BKNY Orange','3.7L GALLON',200.0,1,'2023-01-08 15:12:24.280058','2023-01-08 15:12:24.281014',10,47,0,3);
INSERT INTO "posApp_products" VALUES(43,'FC - LITER','Antibac Blue','1 LITER',40.0,1,'2023-01-08 15:14:21.208653','2023-01-08 15:14:21.208653',11,93,0,7);
INSERT INTO "posApp_products" VALUES(44,'FC - LITER ','Comfort Pink','1 LITER',40.0,1,'2023-01-08 15:15:44.784767','2023-01-08 15:15:44.784767',11,98,0,2);
INSERT INTO "posApp_products" VALUES(45,'FC - LITER  ','Mystique','1 LITER',40.0,1,'2023-01-08 15:16:14.244099','2023-01-08 15:16:14.244099',11,97,0,3);
INSERT INTO "posApp_products" VALUES(46,'FC - LITER    ','Passion White','1 LITER',40.0,1,'2023-01-08 15:20:55.570181','2023-01-08 15:20:55.570181',11,88,0,2);
INSERT INTO "posApp_products" VALUES(47,'FC - GALLON','Antibac Blue','3.7L GALLON',150.0,1,'2023-01-08 15:28:09.425686','2023-01-08 15:28:09.425686',11,39,0,1);
INSERT INTO "posApp_products" VALUES(48,'FC - GALLON ','Comfort Pink','3.7L GALLON',150.0,1,'2023-01-08 15:29:05.791306','2023-01-08 15:29:05.791306',11,44,0,1);
INSERT INTO "posApp_products" VALUES(49,'FC - GALLON  ','Mystique','3.7L GALLON',150.0,1,'2023-01-08 15:29:42.092091','2023-01-08 15:29:42.092091',11,45,0,3);
INSERT INTO "posApp_products" VALUES(50,'FC - GALLON   ','Passion White','3.7L GALLON',150.0,1,'2023-01-08 15:31:54.529656','2023-01-08 15:31:54.530694',11,43,0,1);
INSERT INTO "posApp_products" VALUES(51,'HS - LITER','Safe Guard','1 LITER',40.0,1,'2023-01-08 15:32:58.479541','2023-01-08 15:32:58.479541',12,56,0,4);
INSERT INTO "posApp_products" VALUES(52,'HS - LITER ','Irish Spring','1 LITER',40.0,1,'2023-01-08 15:35:31.837227','2023-01-08 15:35:31.838227',12,48,0,2);
INSERT INTO "posApp_products" VALUES(53,'HS - LITER  ','Orange','1 LITER',40.0,1,'2023-01-08 15:35:53.867736','2023-01-08 15:35:53.867736',12,26,0,4);
INSERT INTO "posApp_products" VALUES(54,'HS - GALLON','Safe Guard','3.7L GALLON',150.0,1,'2023-01-08 15:38:37.789427','2023-01-08 15:38:37.789427',12,16,0,4);
INSERT INTO "posApp_products" VALUES(55,'HS - GALLON ','Irish Spring','3.7 GALLON',150.0,1,'2023-01-08 15:39:05.356476','2023-01-08 15:39:05.356476',12,17,0,2);
INSERT INTO "posApp_products" VALUES(56,'HS - GALLON  ','Orange','3.7 GALLON',150.0,1,'2023-01-08 15:39:42.723238','2023-01-08 15:39:42.723238',12,16,0,1);
INSERT INTO "posApp_products" VALUES(57,'LD - LITER','Tide','1 LITER',40.0,1,'2023-01-08 15:41:29.842574','2023-01-08 15:41:29.842574',13,92,0,5);
INSERT INTO "posApp_products" VALUES(58,'LD - LITER ','Comfort Clear','1 LITER',40.0,1,'2023-01-08 15:42:15.791555','2023-01-08 15:42:15.791555',13,54,0,3);
INSERT INTO "posApp_products" VALUES(59,'LD - GALLON','Tide','3.7L GALLON',160.0,1,'2023-01-08 15:42:59.197526','2023-01-08 15:42:59.197526',8,33,0,2);
INSERT INTO "posApp_products" VALUES(60,'LD - GALLON ','Comfort Clear','3.7L GALLON',160.0,1,'2023-01-08 16:05:58.796587','2023-01-08 16:05:58.796587',13,17,0,3);
INSERT INTO "posApp_products" VALUES(61,'LB - LITER','Liquid Bleach','1 LITER',32.0,1,'2023-01-08 16:18:33.771649','2023-01-08 16:18:33.771649',14,148,0,2);
INSERT INTO "posApp_products" VALUES(62,'LB - GALLON','Liquid Bleach','3.7L GALLON',115.0,1,'2023-01-08 16:19:35.208137','2023-01-08 16:19:35.208137',14,14,0,1);
INSERT INTO "posApp_products" VALUES(63,'CMS Premium - LITER','Conorado Cherry','1 LITER',35.0,1,'2023-01-08 16:21:02.775669','2023-01-08 16:21:02.775669',15,35,0,5);
INSERT INTO "posApp_products" VALUES(64,'CMS Premium - GALLON','Conorado Cherry','3.7 GALLON',120.0,1,'2023-01-08 16:22:07.128579','2023-01-08 16:22:07.128579',15,13,0,2);
INSERT INTO "posApp_products" VALUES(65,'PS - LITER','Madre de Cacao Green','1 LITER',50.0,1,'2023-01-08 16:24:39.108764','2023-01-08 16:24:39.108764',16,58,0,3);
INSERT INTO "posApp_products" VALUES(66,'PS - LITER ','Baby Power White','1 LITER',50.0,1,'2023-01-08 16:25:24.859042','2023-01-08 16:25:24.859042',16,45,0,1);
INSERT INTO "posApp_products" VALUES(67,'PS - LITER  ','Lavander Violet','1 LITER',50.0,1,'2023-01-08 16:25:50.062281','2023-01-08 16:25:50.063278',16,58,0,5);
INSERT INTO "posApp_products" VALUES(68,'PS - GALLON','Madre de Cacao Green','3.7L GALLON',170.0,1,'2023-01-08 16:28:49.771598','2023-01-08 16:28:49.772597',16,24,0,1);
INSERT INTO "posApp_products" VALUES(69,'PS - GALLON ','Baby Power White','3.7L GALLON',170.0,1,'2023-01-08 16:29:24.229282','2023-01-08 16:29:24.229282',16,16,0,1);
INSERT INTO "posApp_products" VALUES(70,'PS - GALLON  ','Lavander Violet','3.7 GALLON',170.0,1,'2023-01-08 16:29:44.466688','2023-01-08 16:29:44.466688',16,17,0,2);
INSERT INTO "posApp_products" VALUES(71,'PD Industrial Calamansi 1KG','Calamansi','1KG',32.0,1,'2023-01-08 16:33:56.831266','2023-01-08 16:33:56.831266',17,107,0,3);
INSERT INTO "posApp_products" VALUES(72,'PD Regular Sunrise 1KG','Sunrise','1KG',40.0,1,'2023-01-08 16:34:48.807710','2023-01-08 16:34:48.808713',17,84,0,3);
INSERT INTO "posApp_products" VALUES(73,'PD Premium Ariel 1KG','Premium Ariel','1KG',50.0,1,'2023-01-08 16:35:46.815445','2023-01-08 16:35:46.815445',17,64,0,2);
INSERT INTO "posApp_products" VALUES(74,'PD Repacked Ariel 1KG','Repacked Ariel','1KG',55.0,1,'2023-01-08 16:36:19.535953','2023-01-08 16:36:19.536948',17,55,0,2);
INSERT INTO "posApp_products" VALUES(75,'TC - 500ML','Toilet Cleaner','500ML',55.0,1,'2023-01-08 16:37:19.309674','2023-01-08 16:37:19.310674',18,97,0,3);
INSERT INTO "posApp_products" VALUES(76,'TC - LITER','Toilet Cleaner','1 LITER',70.0,1,'2023-01-08 16:38:14.759161','2023-01-08 16:38:14.759161',18,47,0,3);
INSERT INTO "posApp_products" VALUES(77,'TC - GALLON','Toilet Cleaner','3.7 GALLON',290.0,1,'2023-01-08 16:38:55.656384','2023-01-08 16:38:55.656384',18,18,0,2);
INSERT INTO "posApp_products" VALUES(78,'ALC - 120ML','Alcohol 70% Isopropyl','120ML',35.0,1,'2023-01-08 16:39:40.542971','2023-01-08 16:39:40.542971',19,144,0,6);
INSERT INTO "posApp_products" VALUES(79,'ALC - LITER','Alcohol 70% Isopropyl','1 LITER',100.0,1,'2023-01-08 16:40:30.933901','2023-01-08 16:40:30.934932',19,52,0,18);
INSERT INTO "posApp_products" VALUES(80,'ALC - GALLON','Alcohol 70% Isopropyl','3.7 GALLON',300.0,1,'2023-01-08 16:41:29.733795','2023-01-08 16:41:29.733795',19,19,0,1);
CREATE UNIQUE INDEX "auth_group_permissions_group_id_permission_id_0cd325b0_uniq" ON "auth_group_permissions" ("group_id", "permission_id");
CREATE INDEX IF NOT EXISTS "auth_group_permissions_group_id_b120cbf9" ON "auth_group_permissions" ("group_id");
CREATE INDEX IF NOT EXISTS "auth_group_permissions_permission_id_84c5c92e" ON "auth_group_permissions" ("permission_id");
CREATE UNIQUE INDEX "auth_user_groups_user_id_group_id_94350c0c_uniq" ON "auth_user_groups" ("user_id", "group_id");
CREATE INDEX IF NOT EXISTS "auth_user_groups_user_id_6a12ed8b" ON "auth_user_groups" ("user_id");
CREATE INDEX IF NOT EXISTS "auth_user_groups_group_id_97559544" ON "auth_user_groups" ("group_id");
CREATE UNIQUE INDEX "auth_user_user_permissions_user_id_permission_id_14a6b632_uniq" ON "auth_user_user_permissions" ("user_id", "permission_id");
CREATE INDEX IF NOT EXISTS "auth_user_user_permissions_user_id_a95ead1b" ON "auth_user_user_permissions" ("user_id");
CREATE INDEX IF NOT EXISTS "auth_user_user_permissions_permission_id_1fbb5f2c" ON "auth_user_user_permissions" ("permission_id");
CREATE INDEX IF NOT EXISTS "django_admin_log_content_type_id_c4bce8eb" ON "django_admin_log" ("content_type_id");
CREATE INDEX IF NOT EXISTS "django_admin_log_user_id_c564eba6" ON "django_admin_log" ("user_id");
CREATE UNIQUE INDEX "django_content_type_app_label_model_76bd3d3b_uniq" ON "django_content_type" ("app_label", "model");
CREATE UNIQUE INDEX "auth_permission_content_type_id_codename_01ab375a_uniq" ON "auth_permission" ("content_type_id", "codename");
CREATE INDEX IF NOT EXISTS "auth_permission_content_type_id_2f476e4b" ON "auth_permission" ("content_type_id");
CREATE INDEX IF NOT EXISTS "django_session_expire_date_a5c62663" ON "django_session" ("expire_date");
CREATE INDEX IF NOT EXISTS "posApp_products_category_id_id_46bd9586" ON "posApp_products" ("category_id_id");
CREATE INDEX IF NOT EXISTS "posApp_salesitems_product_id_id_fc74a6d5" ON "posApp_salesitems" ("product_id_id");
CREATE INDEX IF NOT EXISTS "posApp_salesitems_sale_id_id_dc0c6e0b" ON "posApp_salesitems" ("sale_id_id");
CREATE INDEX IF NOT EXISTS "django_apscheduler_djangojob_next_run_time_2f022619" ON "django_apscheduler_djangojob" ("next_run_time");
CREATE INDEX IF NOT EXISTS "django_apscheduler_djangojobexecution_run_time_16edd96b" ON "django_apscheduler_djangojobexecution" ("run_time");
CREATE INDEX IF NOT EXISTS "django_apscheduler_djangojobexecution_job_id_daf5090a" ON "django_apscheduler_djangojobexecution" ("job_id");
CREATE INDEX IF NOT EXISTS "posApp_inventoryrecord_product_name_id_3ce4501c" ON "posApp_inventoryrecord" ("product_name_id");
CREATE TABLE IF NOT EXISTS "posApp_sales" ("id" integer NOT NULL PRIMARY KEY AUTOINCREMENT, "code" varchar(100) NOT NULL, "sub_total" real NOT NULL, "grand_total" real NOT NULL, "tax_amount" real NOT NULL, "tax" real NOT NULL, "tendered_amount" real NOT NULL, "amount_change" real NOT NULL, "date_added" datetime NOT NULL, "date_updated" datetime NOT NULL);
INSERT INTO "posApp_sales" VALUES(304,'404400009',3.71560000000000067998e+01,3.760187200000000729e+01,4.45872000000000134889e-01,0.12,40.0,2.39999999999999857891e+00,'2022-11-30 06:41:23.986475','2022-11-30 06:41:23.986475');
INSERT INTO "posApp_sales" VALUES(340,'404400014',339.2918,343.3633016,4.0715016,0.12,500.0,156.64,'2022-12-08 16:01:21.105194','2022-12-08 16:01:21.105194');
INSERT INTO "posApp_sales" VALUES(341,'404600001',9.84998000000000040188e+01,9.9681797600000017212e+01,1.1819976,0.12,100.0,3.19999999999993178789e-01,'2023-01-07 09:33:46.295019','2023-01-07 09:33:46.295019');
INSERT INTO "posApp_sales" VALUES(343,'404600003',240.792,243.681504,2.889504,0.12,250.0,6.31999999999999317878e+00,'2023-01-07 11:31:11.319259','2023-01-07 11:31:11.319259');
INSERT INTO "posApp_sales" VALUES(344,'404600004',2954.994,2.99045392800000051636e+03,3.54599280000000049994e+01,0.12,3000.0,9.55000000000018189894e+00,'2023-01-07 15:22:54.408563','2023-01-07 15:22:54.408563');
INSERT INTO "posApp_sales" VALUES(345,'404600005',240.792,243.681504,2.889504,0.12,250.0,6.31999999999999317878e+00,'2023-01-07 18:39:02.680743','2023-01-07 18:39:02.680743');
INSERT INTO "posApp_sales" VALUES(346,'404600006',1357.1672,1373.4532064,16.2860064,0.12,1400.0,2.6549999999999953637e+01,'2023-01-07 18:57:09.231114','2023-01-07 18:57:09.231114');
INSERT INTO "posApp_sales" VALUES(347,'404600007',2.28169580000000049579e+03,2.30907614960000051596e+03,2.73803496000000068377e+01,0.12,2500.0,1.90920000000000058548e+02,'2023-01-08 04:11:58.034452','2023-01-08 04:11:58.034452');
INSERT INTO "posApp_sales" VALUES(348,'404600008',1.96999600000000008037e+02,1.9936359520000001666e+02,2.3639952,0.12,200.0,6.39999999999986357579e-01,'2023-01-08 13:15:52.952004','2023-01-08 13:15:52.952004');
INSERT INTO "posApp_sales" VALUES(349,'404600009',85.0,86.02,1.02,0.12,100.0,1.39800000000000036237e+01,'2023-01-08 14:05:17.568396','2023-01-08 14:05:17.568396');
INSERT INTO "posApp_sales" VALUES(350,'404600010',520.0,526.24,6.24,0.12,530.0,3.75999999999999090505e+00,'2023-01-08 14:54:58.475263','2023-01-08 14:54:58.475263');
INSERT INTO "posApp_sales" VALUES(351,'404600011',240.0,242.88,2.88,0.12,245.0,2.12000000000000454747e+00,'2023-01-08 15:09:13.665126','2023-01-08 15:09:13.665126');
INSERT INTO "posApp_sales" VALUES(352,'404600012',135.0,136.62,1.62,0.12,140.0,3.37999999999999545252e+00,'2023-01-08 17:29:38.511973','2023-01-08 17:29:38.512976');
INSERT INTO "posApp_sales" VALUES(353,'404600013',135.0,136.62,1.62,0.12,140.0,3.37999999999999545252e+00,'2023-01-08 17:29:55.141927','2023-01-08 17:29:55.141927');
INSERT INTO "posApp_sales" VALUES(354,'404600014',105.0,106.26,1.26,0.12,110.0,3.73999999999999488409e+00,'2023-01-08 17:30:18.513868','2023-01-08 17:30:18.514869');
INSERT INTO "posApp_sales" VALUES(355,'404600015',90.0,91.08,1.08,0.12,100.0,8.9200000000000017053e+00,'2023-01-08 17:31:11.202723','2023-01-08 17:31:11.202723');
INSERT INTO "posApp_sales" VALUES(356,'404600016',55.0,55.66,0.66,0.12,100.0,44.34,'2023-01-08 17:31:51.519615','2023-01-08 17:31:51.520620');
INSERT INTO "posApp_sales" VALUES(357,'404600017',55.0,55.66,0.66,0.12,55.67,1.00000000000051159076e-02,'2023-01-08 17:32:31.457505','2023-01-08 17:32:31.457505');
INSERT INTO "posApp_sales" VALUES(358,'404600018',200.0,202.4,2.4,0.12,205.0,2.59999999999999431565e+00,'2023-01-08 17:32:55.785446','2023-01-08 17:32:55.786445');
INSERT INTO "posApp_sales" VALUES(359,'404600019',200.0,202.4,2.4,0.12,205.0,2.59999999999999431565e+00,'2023-01-08 17:33:08.748407','2023-01-08 17:33:08.748407');
INSERT INTO "posApp_sales" VALUES(360,'404600020',160.0,161.92,1.92,0.12,162.0,0.0800000000000125,'2023-01-08 17:33:37.124329','2023-01-08 17:33:37.124329');
INSERT INTO "posApp_sales" VALUES(361,'404600021',80.0,80.96,0.96,0.12,100.0,1.90400000000000062527e+01,'2023-01-08 17:33:51.258762','2023-01-08 17:33:51.258762');
INSERT INTO "posApp_sales" VALUES(362,'404600022',120.0,121.44,1.44,0.12,125.0,3.56000000000000227373e+00,'2023-01-08 17:34:15.800702','2023-01-08 17:34:15.800702');
INSERT INTO "posApp_sales" VALUES(363,'404600023',40.0,40.48,0.48,0.12,50.0,9.52000000000000312638e+00,'2023-01-08 17:34:34.150234','2023-01-08 17:34:34.151233');
INSERT INTO "posApp_sales" VALUES(364,'404600024',40.0,40.48,0.48,0.12,41.0,5.20000000000003126388e-01,'2023-01-08 17:34:47.329196','2023-01-08 17:34:47.329196');
INSERT INTO "posApp_sales" VALUES(365,'404600025',150.0,151.8,1.8,0.12,200.0,4.81999999999999850786e+01,'2023-01-08 17:35:05.180144','2023-01-08 17:35:05.180144');
INSERT INTO "posApp_sales" VALUES(366,'404600026',600.0,607.2,7.2,0.12,1000.0,3.92799999999999940314e+02,'2023-01-08 17:41:55.515758','2023-01-08 17:41:55.515758');
INSERT INTO "posApp_sales" VALUES(367,'404600027',500.0,506.0,6.0,0.12,510.0,4.0,'2023-01-08 17:51:29.099874','2023-01-08 17:51:29.099874');
INSERT INTO "posApp_sales" VALUES(368,'404600028',210.0,212.52,2.52,0.12,220.0,7.47999999999999,'2023-01-08 17:51:43.030844','2023-01-08 17:51:43.031847');
INSERT INTO "posApp_sales" VALUES(369,'404600029',580.0,586.96,6.96,0.12,600.0,1.3039999999999962732e+01,'2023-01-08 17:52:02.580807','2023-01-08 17:52:02.580807');
INSERT INTO "posApp_sales" VALUES(370,'404600030',210.0,212.52,2.52,0.12,220.0,7.47999999999999,'2023-01-08 17:52:12.781788','2023-01-08 17:52:12.781788');
INSERT INTO "posApp_sales" VALUES(371,'404600031',110.0,111.32,1.32,0.12,115.0,3.68000000000000682121e+00,'2023-01-08 17:52:24.979703','2023-01-08 17:52:24.979703');
INSERT INTO "posApp_sales" VALUES(372,'404600032',110.0,111.32,1.32,0.12,115.0,3.68000000000000682121e+00,'2023-01-08 17:52:38.600165','2023-01-08 17:52:38.600165');
INSERT INTO "posApp_sales" VALUES(373,'404600033',100.0,101.2,1.2,0.12,102.0,7.99999999999997157829e-01,'2023-01-08 17:52:54.563137','2023-01-08 17:52:54.563137');
INSERT INTO "posApp_sales" VALUES(374,'404600034',120.0,121.44,1.44,0.12,125.0,3.56000000000000227373e+00,'2023-01-08 17:53:25.357100','2023-01-08 17:53:25.357100');
INSERT INTO "posApp_sales" VALUES(375,'404600035',96.0,97.152,1.152000000000000135e+00,0.12,100.0,2.84999999999999431565e+00,'2023-01-08 17:53:38.061043','2023-01-08 17:53:38.061043');
INSERT INTO "posApp_sales" VALUES(376,'404600036',120.0,121.44,1.44,0.12,130.0,8.56000000000000227373e+00,'2023-01-08 19:40:07.083763','2023-01-08 19:40:07.084768');
INSERT INTO "posApp_sales" VALUES(377,'404600037',340.0,344.08,4.08,0.12,500.0,1.55920000000000014139e+02,'2023-01-08 19:40:26.202609','2023-01-08 19:40:26.202609');
INSERT INTO "posApp_sales" VALUES(378,'404600038',170.0,172.04,2.04,0.12,200.0,2.79600000000000070699e+01,'2023-01-08 19:40:38.342639','2023-01-08 19:40:38.342639');
INSERT INTO "posApp_sales" VALUES(379,'404600039',170.0,172.04,2.04,0.12,200.0,2.79600000000000070699e+01,'2023-01-08 19:40:50.432797','2023-01-08 19:40:50.432797');
INSERT INTO "posApp_sales" VALUES(380,'404600040',100.0,101.2,1.2,0.12,102.0,7.99999999999997157829e-01,'2023-01-08 19:41:06.645822','2023-01-08 19:41:06.645822');
INSERT INTO "posApp_sales" VALUES(381,'404600041',50.0,50.6,0.6,0.12,100.0,49.4,'2023-01-08 19:41:23.207902','2023-01-08 19:41:23.208902');
INSERT INTO "posApp_sales" VALUES(382,'404600042',150.0,151.8,1.8,0.12,200.0,4.81999999999999850786e+01,'2023-01-08 19:41:34.673785','2023-01-08 19:41:34.674786');
INSERT INTO "posApp_sales" VALUES(383,'404600043',50.0,50.6,0.6,0.12,100.0,49.4,'2023-01-08 19:41:52.711683','2023-01-08 19:41:52.711683');
INSERT INTO "posApp_sales" VALUES(384,'404600044',100.0,101.2,1.2,0.12,105.0,3.79999999999999715782e+00,'2023-01-08 19:42:05.778848','2023-01-08 19:42:05.778848');
INSERT INTO "posApp_sales" VALUES(385,'404600045',240.0,242.88,2.88,0.12,250.0,7.12000000000000454747e+00,'2023-01-08 19:42:21.922834','2023-01-08 19:42:21.922834');
INSERT INTO "posApp_sales" VALUES(386,'404600046',140.0,141.68,1.68,0.12,150.0,8.31999999999999317878e+00,'2023-01-08 19:42:33.435394','2023-01-08 19:42:33.435394');
INSERT INTO "posApp_sales" VALUES(388,'404600048',160.0,161.92,1.92,0.12,200.0,3.80800000000000125055e+01,'2023-01-08 19:43:14.186559','2023-01-08 19:43:14.186559');
INSERT INTO "posApp_sales" VALUES(389,'404600049',40.0,40.48,0.48,0.12,50.0,9.52000000000000312638e+00,'2023-01-08 19:43:26.877019','2023-01-08 19:43:26.878004');
INSERT INTO "posApp_sales" VALUES(390,'404600050',35.0,35.42,0.42,0.12,40.0,4.57999999999999829469e+00,'2023-01-08 20:08:59.910533','2023-01-08 20:08:59.910533');
INSERT INTO "posApp_sales" VALUES(391,'404600051',70.0,70.84,0.84,0.12,100.0,2.9159999999999994813e+01,'2023-01-08 20:13:53.825610','2023-01-08 20:13:53.825610');
INSERT INTO "posApp_sales" VALUES(392,'404600002',150.0,151.8,1.8,0.12,155.0,3.19999999999998863131e+00,'2023-01-08 21:18:00.527512','2023-01-08 21:18:00.527512');
INSERT INTO "posApp_sales" VALUES(393,'404600052',110.0,110.55,0.55,0.05,111.0,4.5000000000000284217e-01,'2023-01-08 21:19:17.180812','2023-01-08 21:19:17.180812');
INSERT INTO "posApp_sales" VALUES(394,'404600053',45.0,45.225,0.225,0.05,50.0,4.77000000000000312638e+00,'2023-01-08 21:20:06.693144','2023-01-08 21:20:06.693144');
INSERT INTO "posApp_sales" VALUES(395,'404600054',120.0,120.6,0.6,0.05,121.0,4.00000000000005684341e-01,'2023-01-08 21:22:52.861853','2023-01-08 21:22:52.861853');
INSERT INTO "posApp_sales" VALUES(396,'404600055',200.0,200.6,0.6,0.03,500.0,299.4,'2023-01-08 21:24:30.367777','2023-01-08 21:24:30.367777');
INSERT INTO "posApp_sales" VALUES(397,'404600047',120.0,120.36,0.36,0.03,150.0,29.64,'2023-01-08 21:26:06.208563','2023-01-08 21:26:06.208563');
INSERT INTO "posApp_sales" VALUES(398,'404600056',40.0,40.12,0.12,0.03,50.0,9.88000000000000255795e+00,'2023-01-08 21:29:01.118831','2023-01-08 21:29:01.118831');
INSERT INTO "posApp_sales" VALUES(399,'404600057',120.0,120.36,0.36,0.03,150.0,29.64,'2023-01-08 21:29:35.665879','2023-01-08 21:29:35.665879');
INSERT INTO "posApp_sales" VALUES(400,'404600058',90.0,90.27,0.27,0.03,100.0,9.73000000000000397903e+00,'2023-01-08 21:30:00.313351','2023-01-08 21:30:00.314345');
INSERT INTO "posApp_sales" VALUES(401,'404600059',240.0,240.72,0.72,0.03,250.0,9.28000000000000113686e+00,'2023-01-08 21:30:18.067014','2023-01-08 21:30:18.067014');
INSERT INTO "posApp_sales" VALUES(402,'404600060',150.0,150.45,0.45,0.03,150.46,1.00000000000193267624e-02,'2023-01-08 21:30:52.999219','2023-01-08 21:30:52.999219');
INSERT INTO "posApp_sales" VALUES(403,'404600061',450.0,451.35,1.35,0.03,500.0,4.86499999999999754862e+01,'2023-01-08 21:31:10.654784','2023-01-08 21:31:10.655785');
INSERT INTO "posApp_sales" VALUES(404,'404600062',150.0,150.45,0.45,0.03,200.0,4.95500000000000095923e+01,'2023-01-08 21:31:23.360235','2023-01-08 21:31:23.360235');
INSERT INTO "posApp_sales" VALUES(405,'404600063',120.0,120.36,0.36,0.03,150.0,29.64,'2023-01-08 21:39:11.428705','2023-01-08 21:39:11.428705');
INSERT INTO "posApp_sales" VALUES(406,'404600064',160.0,160.48,0.48,0.03,200.0,3.95200000000000084554e+01,'2023-01-08 21:39:26.670518','2023-01-08 21:39:26.670518');
INSERT INTO "posApp_sales" VALUES(407,'404600065',80.0,80.24,0.24,0.03,100.0,1.97600000000000051159e+01,'2023-01-08 21:39:36.534760','2023-01-08 21:39:36.534760');
INSERT INTO "posApp_sales" VALUES(408,'404600066',40.0,40.12,0.12,0.03,50.0,9.88000000000000255795e+00,'2023-01-08 21:39:51.041515','2023-01-08 21:39:51.042519');
INSERT INTO "posApp_sales" VALUES(409,'404600067',300.0,300.9,0.9,0.03,301.0,1.00000000000022737367e-01,'2023-01-08 21:40:13.673077','2023-01-08 21:40:13.673077');
INSERT INTO "posApp_sales" VALUES(410,'404600068',150.0,150.45,0.45,0.03,151.0,5.50000000000011368683e-01,'2023-01-08 21:40:25.211294','2023-01-08 21:40:25.211294');
INSERT INTO "posApp_sales" VALUES(411,'404600069',40.0,40.12,0.12,0.03,50.0,9.88000000000000255795e+00,'2023-01-08 21:41:01.394344','2023-01-08 21:41:01.395346');
INSERT INTO "posApp_sales" VALUES(412,'404600070',320.0,320.96,0.96,0.03,500.0,1.7904000000000001691e+02,'2023-01-08 21:41:31.747910','2023-01-08 21:41:31.747910');
INSERT INTO "posApp_sales" VALUES(413,'404600071',320.0,320.96,0.96,0.03,500.0,1.7904000000000001691e+02,'2023-01-08 21:41:51.805204','2023-01-08 21:41:51.805204');
INSERT INTO "posApp_sales" VALUES(414,'404600072',64.0,64.192,0.192,0.03,70.0,5.81000000000000227373e+00,'2023-01-08 21:42:16.629054','2023-01-08 21:42:16.629054');
INSERT INTO "posApp_sales" VALUES(415,'404600073',115.0,115.345,3.45000000000000017763e-01,0.03,120.0,4.65000000000000568434e+00,'2023-01-08 21:42:38.664332','2023-01-08 21:42:38.664332');
INSERT INTO "posApp_sales" VALUES(416,'404600074',145.0,145.435,0.435,0.03,150.0,4.56000000000000227373e+00,'2023-01-08 21:49:22.804083','2023-01-08 21:49:22.805087');
INSERT INTO "posApp_sales" VALUES(417,'404600075',35.0,35.105,0.105,0.03,40.0,4.89000000000000056843e+00,'2023-01-08 21:50:17.467144','2023-01-08 21:50:17.467144');
INSERT INTO "posApp_sales" VALUES(418,'404600076',400.0,401.2,1.2,0.03,500.0,9.88000000000000078159e+01,'2023-01-08 22:09:29.168863','2023-01-08 22:09:29.168863');
INSERT INTO "posApp_sales" VALUES(419,'404600077',170.0,170.51,0.51,0.03,200.0,2.94900000000000073185e+01,'2023-01-08 23:09:41.056937','2023-01-08 23:09:41.056937');
INSERT INTO "posApp_sales" VALUES(420,'404600078',435.0,436.305,1.305,0.03,500.0,63.69,'2023-01-09 00:40:07.546718','2023-01-09 00:40:07.546718');
INSERT INTO "posApp_sales" VALUES(421,'404600079',405.0,406.215,1.215,0.03,500.0,9.37799999999999656097e+01,'2023-01-09 00:44:14.854866','2023-01-09 00:44:14.854866');
INSERT INTO "posApp_sales" VALUES(422,'404600080',225.0,225.675,0.675,0.03,230.0,4.31999999999999317878e+00,'2023-01-09 11:30:54.905917','2023-01-09 11:30:54.905917');
INSERT INTO "posApp_sales" VALUES(423,'404600081',35.0,35.105,0.105,0.03,35.11,0.0,'2023-01-09 11:38:04.325946','2023-01-09 11:38:04.326946');
INSERT INTO "posApp_sales" VALUES(424,'404600082',210.0,210.63,0.63,0.03,300.0,89.37,'2023-01-09 12:41:21.339420','2023-01-09 12:41:21.340422');
INSERT INTO "posApp_sales" VALUES(425,'404600083',315.0,315.945,9.45000000000000106581e-01,0.03,315.95,0.0,'2023-01-12 12:02:21.998563','2023-01-12 12:02:22.006621');
INSERT INTO "posApp_sales" VALUES(426,'404600084',105.0,105.315,0.315,0.03,106.0,6.8000000000000682121e-01,'2023-01-12 12:41:12.109244','2023-01-12 12:41:12.109244');
INSERT INTO "posApp_sales" VALUES(427,'404600085',105.0,105.315,0.315,0.03,200.0,94.68,'2023-01-12 13:17:31.066355','2023-01-12 13:17:31.066355');
INSERT INTO "posApp_sales" VALUES(428,'404600086',210.0,210.63,0.63,0.03,300.0,89.37,'2023-01-12 13:26:11.646309','2023-01-12 13:26:11.646309');
INSERT INTO "posApp_sales" VALUES(429,'404600087',55.0,55.165,0.165,0.03,56.0,8.29999999999998294697e-01,'2023-01-12 13:32:53.763937','2023-01-12 13:32:53.764937');
INSERT INTO "posApp_sales" VALUES(430,'404600088',300.0,300.9,0.9,0.03,301.0,1.00000000000022737367e-01,'2023-01-12 14:21:00.748627','2023-01-12 14:21:00.748627');
INSERT INTO "posApp_sales" VALUES(431,'404600089',105.0,105.315,0.315,0.03,106.0,6.8000000000000682121e-01,'2023-01-13 07:50:28.012132','2023-01-13 07:50:28.012132');
INSERT INTO "posApp_sales" VALUES(432,'404600090',260.0,260.78,0.78,0.03,300.0,3.92200000000000272848e+01,'2023-01-13 11:28:22.922110','2023-01-13 11:28:22.922110');
INSERT INTO "posApp_sales" VALUES(433,'404600091',35.0,35.105,0.105,0.03,35.11,0.0,'2023-01-13 11:51:39.058971','2023-01-13 11:51:39.058971');
INSERT INTO "posApp_sales" VALUES(434,'404600092',90.0,90.27,0.27,0.03,100.0,9.73000000000000397903e+00,'2023-01-13 12:54:07.331671','2023-01-13 12:54:07.332669');
INSERT INTO "posApp_sales" VALUES(435,'404600093',2800.0,2808.4,8.4,0.03,3000.0,1.91599999999999894839e+02,'2023-01-13 13:00:31.364040','2023-01-13 13:00:31.365048');
CREATE UNIQUE INDEX "auth_group_permissions_group_id_permission_id_0cd325b0_uniq" ON "auth_group_permissions" ("group_id", "permission_id");
CREATE INDEX IF NOT EXISTS "auth_group_permissions_group_id_b120cbf9" ON "auth_group_permissions" ("group_id");
CREATE INDEX IF NOT EXISTS "auth_group_permissions_permission_id_84c5c92e" ON "auth_group_permissions" ("permission_id");
CREATE UNIQUE INDEX "auth_user_groups_user_id_group_id_94350c0c_uniq" ON "auth_user_groups" ("user_id", "group_id");
CREATE INDEX IF NOT EXISTS "auth_user_groups_user_id_6a12ed8b" ON "auth_user_groups" ("user_id");
CREATE INDEX IF NOT EXISTS "auth_user_groups_group_id_97559544" ON "auth_user_groups" ("group_id");
CREATE UNIQUE INDEX "auth_user_user_permissions_user_id_permission_id_14a6b632_uniq" ON "auth_user_user_permissions" ("user_id", "permission_id");
CREATE INDEX IF NOT EXISTS "auth_user_user_permissions_user_id_a95ead1b" ON "auth_user_user_permissions" ("user_id");
CREATE INDEX IF NOT EXISTS "auth_user_user_permissions_permission_id_1fbb5f2c" ON "auth_user_user_permissions" ("permission_id");
CREATE INDEX IF NOT EXISTS "django_admin_log_content_type_id_c4bce8eb" ON "django_admin_log" ("content_type_id");
CREATE INDEX IF NOT EXISTS "django_admin_log_user_id_c564eba6" ON "django_admin_log" ("user_id");
CREATE UNIQUE INDEX "django_content_type_app_label_model_76bd3d3b_uniq" ON "django_content_type" ("app_label", "model");
CREATE UNIQUE INDEX "auth_permission_content_type_id_codename_01ab375a_uniq" ON "auth_permission" ("content_type_id", "codename");
CREATE INDEX IF NOT EXISTS "auth_permission_content_type_id_2f476e4b" ON "auth_permission" ("content_type_id");
CREATE INDEX IF NOT EXISTS "django_session_expire_date_a5c62663" ON "django_session" ("expire_date");
CREATE INDEX IF NOT EXISTS "posApp_products_category_id_id_46bd9586" ON "posApp_products" ("category_id_id");
CREATE INDEX IF NOT EXISTS "posApp_salesitems_product_id_id_fc74a6d5" ON "posApp_salesitems" ("product_id_id");
CREATE INDEX IF NOT EXISTS "posApp_salesitems_sale_id_id_dc0c6e0b" ON "posApp_salesitems" ("sale_id_id");
CREATE INDEX IF NOT EXISTS "django_apscheduler_djangojob_next_run_time_2f022619" ON "django_apscheduler_djangojob" ("next_run_time");
CREATE INDEX IF NOT EXISTS "django_apscheduler_djangojobexecution_run_time_16edd96b" ON "django_apscheduler_djangojobexecution" ("run_time");
CREATE INDEX IF NOT EXISTS "django_apscheduler_djangojobexecution_job_id_daf5090a" ON "django_apscheduler_djangojobexecution" ("job_id");
CREATE INDEX IF NOT EXISTS "posApp_inventoryrecord_product_name_id_3ce4501c" ON "posApp_inventoryrecord" ("product_name_id");
CREATE TABLE IF NOT EXISTS "posApp_salesitems" ("id" integer NOT NULL PRIMARY KEY AUTOINCREMENT, "price" real NOT NULL, "qty" real NOT NULL, "total" real NOT NULL, "product_id_id" bigint NOT NULL REFERENCES "posApp_products" ("id") DEFERRABLE INITIALLY DEFERRED, "sale_id_id" bigint NOT NULL REFERENCES "posApp_sales" ("id") DEFERRABLE INITIALLY DEFERRED, "date" date NOT NULL);
INSERT INTO "posApp_salesitems" VALUES(345,0.0,1.0,30.0,23,349,'2023-01-08');
INSERT INTO "posApp_salesitems" VALUES(347,0.0,1.0,35.0,26,350,'2023-01-08');
INSERT INTO "posApp_salesitems" VALUES(348,0.0,1.0,105.0,30,350,'2023-01-08');
INSERT INTO "posApp_salesitems" VALUES(349,0.0,1.0,45.0,33,350,'2023-01-08');
INSERT INTO "posApp_salesitems" VALUES(350,0.0,1.0,45.0,35,350,'2023-01-08');
INSERT INTO "posApp_salesitems" VALUES(351,0.0,1.0,35.0,25,350,'2023-01-08');
INSERT INTO "posApp_salesitems" VALUES(352,0.0,1.0,105.0,31,350,'2023-01-08');
INSERT INTO "posApp_salesitems" VALUES(353,0.0,1.0,105.0,32,350,'2023-01-08');
INSERT INTO "posApp_salesitems" VALUES(354,0.0,1.0,45.0,34,350,'2023-01-08');
INSERT INTO "posApp_salesitems" VALUES(355,0.0,2.0,240.0,38,351,'2023-01-08');
INSERT INTO "posApp_salesitems" VALUES(356,0.0,3.0,135.0,33,352,'2023-01-09');
INSERT INTO "posApp_salesitems" VALUES(357,0.0,3.0,135.0,34,353,'2023-01-09');
INSERT INTO "posApp_salesitems" VALUES(358,0.0,1.0,105.0,32,354,'2023-01-09');
INSERT INTO "posApp_salesitems" VALUES(359,0.0,2.0,90.0,33,355,'2023-01-09');
INSERT INTO "posApp_salesitems" VALUES(360,0.0,1.0,55.0,39,356,'2023-01-09');
INSERT INTO "posApp_salesitems" VALUES(361,0.0,1.0,55.0,40,357,'2023-01-09');
INSERT INTO "posApp_salesitems" VALUES(362,0.0,1.0,200.0,41,358,'2023-01-09');
INSERT INTO "posApp_salesitems" VALUES(363,0.0,1.0,200.0,42,359,'2023-01-09');
INSERT INTO "posApp_salesitems" VALUES(364,0.0,4.0,160.0,43,360,'2023-01-09');
INSERT INTO "posApp_salesitems" VALUES(365,0.0,2.0,80.0,44,361,'2023-01-09');
INSERT INTO "posApp_salesitems" VALUES(366,0.0,3.0,120.0,45,362,'2023-01-09');
INSERT INTO "posApp_salesitems" VALUES(367,0.0,1.0,40.0,46,363,'2023-01-09');
INSERT INTO "posApp_salesitems" VALUES(368,0.0,1.0,40.0,46,364,'2023-01-09');
INSERT INTO "posApp_salesitems" VALUES(369,0.0,1.0,150.0,47,365,'2023-01-09');
INSERT INTO "posApp_salesitems" VALUES(370,0.0,4.0,600.0,54,366,'2023-01-09');
INSERT INTO "posApp_salesitems" VALUES(371,0.0,5.0,500.0,79,367,'2023-01-09');
INSERT INTO "posApp_salesitems" VALUES(372,0.0,6.0,210.0,78,368,'2023-01-09');
INSERT INTO "posApp_salesitems" VALUES(373,0.0,2.0,580.0,77,369,'2023-01-09');
INSERT INTO "posApp_salesitems" VALUES(374,0.0,3.0,210.0,76,370,'2023-01-09');
INSERT INTO "posApp_salesitems" VALUES(375,0.0,2.0,110.0,75,371,'2023-01-09');
INSERT INTO "posApp_salesitems" VALUES(376,0.0,2.0,110.0,74,372,'2023-01-09');
INSERT INTO "posApp_salesitems" VALUES(377,0.0,2.0,100.0,73,373,'2023-01-09');
INSERT INTO "posApp_salesitems" VALUES(378,0.0,3.0,120.0,72,374,'2023-01-09');
INSERT INTO "posApp_salesitems" VALUES(379,0.0,3.0,96.0,71,375,'2023-01-09');
INSERT INTO "posApp_salesitems" VALUES(380,0.0,3.0,120.0,53,376,'2023-01-09');
INSERT INTO "posApp_salesitems" VALUES(381,0.0,2.0,340.0,70,377,'2023-01-09');
INSERT INTO "posApp_salesitems" VALUES(382,0.0,1.0,170.0,69,378,'2023-01-09');
INSERT INTO "posApp_salesitems" VALUES(383,0.0,1.0,170.0,68,379,'2023-01-09');
INSERT INTO "posApp_salesitems" VALUES(384,0.0,2.0,100.0,67,380,'2023-01-09');
INSERT INTO "posApp_salesitems" VALUES(385,0.0,1.0,50.0,66,381,'2023-01-09');
INSERT INTO "posApp_salesitems" VALUES(386,0.0,3.0,150.0,65,382,'2023-01-09');
INSERT INTO "posApp_salesitems" VALUES(387,0.0,1.0,50.0,67,383,'2023-01-09');
INSERT INTO "posApp_salesitems" VALUES(388,0.0,2.0,100.0,67,384,'2023-01-09');
INSERT INTO "posApp_salesitems" VALUES(389,0.0,2.0,240.0,64,385,'2023-01-09');
INSERT INTO "posApp_salesitems" VALUES(390,0.0,4.0,140.0,63,386,'2023-01-09');
INSERT INTO "posApp_salesitems" VALUES(392,0.0,1.0,160.0,60,388,'2023-01-09');
INSERT INTO "posApp_salesitems" VALUES(393,0.0,1.0,40.0,58,389,'2023-01-09');
INSERT INTO "posApp_salesitems" VALUES(394,0.0,1.0,35.0,23,390,'2023-01-09');
INSERT INTO "posApp_salesitems" VALUES(395,0.0,2.0,70.0,23,391,'2023-01-09');
INSERT INTO "posApp_salesitems" VALUES(396,0.0,1.0,105.0,30,392,'2023-01-09');
INSERT INTO "posApp_salesitems" VALUES(397,0.0,1.0,45.0,34,392,'2023-01-09');
INSERT INTO "posApp_salesitems" VALUES(398,0.0,2.0,110.0,39,393,'2023-01-09');
INSERT INTO "posApp_salesitems" VALUES(399,0.0,1.0,45.0,35,394,'2023-01-09');
INSERT INTO "posApp_salesitems" VALUES(400,0.0,1.0,120.0,38,395,'2023-01-09');
INSERT INTO "posApp_salesitems" VALUES(401,0.0,1.0,200.0,41,396,'2023-01-09');
INSERT INTO "posApp_salesitems" VALUES(402,0.0,1.0,120.0,38,397,'2023-01-09');
INSERT INTO "posApp_salesitems" VALUES(403,0.0,1.0,40.0,58,398,'2023-01-09');
INSERT INTO "posApp_salesitems" VALUES(404,0.0,1.0,120.0,36,399,'2023-01-09');
INSERT INTO "posApp_salesitems" VALUES(405,0.0,2.0,90.0,34,400,'2023-01-09');
INSERT INTO "posApp_salesitems" VALUES(406,0.0,2.0,240.0,37,401,'2023-01-09');
INSERT INTO "posApp_salesitems" VALUES(407,0.0,1.0,150.0,48,402,'2023-01-09');
INSERT INTO "posApp_salesitems" VALUES(408,0.0,3.0,450.0,49,403,'2023-01-09');
INSERT INTO "posApp_salesitems" VALUES(409,0.0,1.0,150.0,50,404,'2023-01-09');
INSERT INTO "posApp_salesitems" VALUES(410,0.0,3.0,120.0,43,405,'2023-01-09');
INSERT INTO "posApp_salesitems" VALUES(411,0.0,4.0,160.0,51,406,'2023-01-09');
INSERT INTO "posApp_salesitems" VALUES(412,0.0,2.0,80.0,52,407,'2023-01-09');
INSERT INTO "posApp_salesitems" VALUES(413,0.0,1.0,40.0,53,408,'2023-01-09');
INSERT INTO "posApp_salesitems" VALUES(414,0.0,2.0,300.0,55,409,'2023-01-09');
INSERT INTO "posApp_salesitems" VALUES(415,0.0,1.0,150.0,56,410,'2023-01-09');
INSERT INTO "posApp_salesitems" VALUES(416,0.0,1.0,40.0,58,411,'2023-01-09');
INSERT INTO "posApp_salesitems" VALUES(417,0.0,2.0,320.0,59,412,'2023-01-09');
INSERT INTO "posApp_salesitems" VALUES(418,0.0,2.0,320.0,60,413,'2023-01-09');
INSERT INTO "posApp_salesitems" VALUES(419,0.0,2.0,64.0,61,414,'2023-01-09');
INSERT INTO "posApp_salesitems" VALUES(420,0.0,1.0,115.0,62,415,'2023-01-09');
INSERT INTO "posApp_salesitems" VALUES(421,0.0,1.0,100.0,79,416,'2023-01-09');
INSERT INTO "posApp_salesitems" VALUES(422,0.0,1.0,45.0,35,416,'2023-01-09');
INSERT INTO "posApp_salesitems" VALUES(423,0.0,1.0,35.0,63,417,'2023-01-09');
INSERT INTO "posApp_salesitems" VALUES(424,0.0,4.0,400.0,79,418,'2023-01-09');
INSERT INTO "posApp_salesitems" VALUES(425,0.0,2.0,70.0,23,419,'2023-01-09');
INSERT INTO "posApp_salesitems" VALUES(426,0.0,1.0,100.0,79,419,'2023-01-09');
INSERT INTO "posApp_salesitems" VALUES(427,0.0,4.0,400.0,79,420,'2023-01-09');
INSERT INTO "posApp_salesitems" VALUES(428,0.0,1.0,35.0,25,420,'2023-01-09');
INSERT INTO "posApp_salesitems" VALUES(429,0.0,3.0,300.0,79,421,'2023-01-09');
INSERT INTO "posApp_salesitems" VALUES(430,0.0,1.0,105.0,30,421,'2023-01-09');
INSERT INTO "posApp_salesitems" VALUES(431,0.0,1.0,105.0,30,422,'2023-01-09');
INSERT INTO "posApp_salesitems" VALUES(432,0.0,1.0,120.0,38,422,'2023-01-09');
INSERT INTO "posApp_salesitems" VALUES(433,0.0,1.0,35.0,25,423,'2023-01-09');
INSERT INTO "posApp_salesitems" VALUES(434,0.0,1.0,105.0,30,424,'2023-01-09');
INSERT INTO "posApp_salesitems" VALUES(435,0.0,1.0,105.0,31,424,'2023-01-09');
INSERT INTO "posApp_salesitems" VALUES(436,0.0,1.0,105.0,30,425,'2023-01-12');
INSERT INTO "posApp_salesitems" VALUES(437,0.0,1.0,105.0,32,425,'2023-01-12');
INSERT INTO "posApp_salesitems" VALUES(438,0.0,1.0,105.0,31,425,'2023-01-12');
INSERT INTO "posApp_salesitems" VALUES(439,0.0,1.0,105.0,30,426,'2023-01-12');
INSERT INTO "posApp_salesitems" VALUES(440,0.0,1.0,105.0,30,427,'2023-01-12');
INSERT INTO "posApp_salesitems" VALUES(441,0.0,1.0,105.0,31,428,'2023-01-12');
INSERT INTO "posApp_salesitems" VALUES(442,0.0,1.0,105.0,32,428,'2023-01-12');
INSERT INTO "posApp_salesitems" VALUES(443,0.0,1.0,55.0,75,429,'2023-01-12');
INSERT INTO "posApp_salesitems" VALUES(444,0.0,1.0,300.0,80,430,'2023-01-12');
INSERT INTO "posApp_salesitems" VALUES(445,0.0,1.0,105.0,30,431,'2023-01-13');
INSERT INTO "posApp_salesitems" VALUES(446,0.0,1.0,105.0,30,432,'2023-01-13');
INSERT INTO "posApp_salesitems" VALUES(447,0.0,1.0,35.0,23,432,'2023-01-13');
INSERT INTO "posApp_salesitems" VALUES(448,0.0,1.0,120.0,36,432,'2023-01-13');
INSERT INTO "posApp_salesitems" VALUES(449,0.0,1.0,35.0,23,433,'2023-01-13');
INSERT INTO "posApp_salesitems" VALUES(450,0.0,1.0,35.0,23,434,'2023-01-13');
INSERT INTO "posApp_salesitems" VALUES(451,0.0,1.0,55.0,40,434,'2023-01-13');
INSERT INTO "posApp_salesitems" VALUES(452,0.0,12.0,2400.0,41,435,'2023-01-13');
INSERT INTO "posApp_salesitems" VALUES(453,0.0,2.0,400.0,42,435,'2023-01-13');
CREATE UNIQUE INDEX "auth_group_permissions_group_id_permission_id_0cd325b0_uniq" ON "auth_group_permissions" ("group_id", "permission_id");
CREATE INDEX IF NOT EXISTS "auth_group_permissions_group_id_b120cbf9" ON "auth_group_permissions" ("group_id");
CREATE INDEX IF NOT EXISTS "auth_group_permissions_permission_id_84c5c92e" ON "auth_group_permissions" ("permission_id");
CREATE UNIQUE INDEX "auth_user_groups_user_id_group_id_94350c0c_uniq" ON "auth_user_groups" ("user_id", "group_id");
CREATE INDEX IF NOT EXISTS "auth_user_groups_user_id_6a12ed8b" ON "auth_user_groups" ("user_id");
CREATE INDEX IF NOT EXISTS "auth_user_groups_group_id_97559544" ON "auth_user_groups" ("group_id");
CREATE UNIQUE INDEX "auth_user_user_permissions_user_id_permission_id_14a6b632_uniq" ON "auth_user_user_permissions" ("user_id", "permission_id");
CREATE INDEX IF NOT EXISTS "auth_user_user_permissions_user_id_a95ead1b" ON "auth_user_user_permissions" ("user_id");
CREATE INDEX IF NOT EXISTS "auth_user_user_permissions_permission_id_1fbb5f2c" ON "auth_user_user_permissions" ("permission_id");
CREATE INDEX IF NOT EXISTS "django_admin_log_content_type_id_c4bce8eb" ON "django_admin_log" ("content_type_id");
CREATE INDEX IF NOT EXISTS "django_admin_log_user_id_c564eba6" ON "django_admin_log" ("user_id");
CREATE UNIQUE INDEX "django_content_type_app_label_model_76bd3d3b_uniq" ON "django_content_type" ("app_label", "model");
CREATE UNIQUE INDEX "auth_permission_content_type_id_codename_01ab375a_uniq" ON "auth_permission" ("content_type_id", "codename");
CREATE INDEX IF NOT EXISTS "auth_permission_content_type_id_2f476e4b" ON "auth_permission" ("content_type_id");
CREATE INDEX IF NOT EXISTS "django_session_expire_date_a5c62663" ON "django_session" ("expire_date");
CREATE INDEX IF NOT EXISTS "posApp_products_category_id_id_46bd9586" ON "posApp_products" ("category_id_id");
CREATE INDEX IF NOT EXISTS "posApp_salesitems_product_id_id_fc74a6d5" ON "posApp_salesitems" ("product_id_id");
CREATE INDEX IF NOT EXISTS "posApp_salesitems_sale_id_id_dc0c6e0b" ON "posApp_salesitems" ("sale_id_id");
CREATE INDEX IF NOT EXISTS "django_apscheduler_djangojob_next_run_time_2f022619" ON "django_apscheduler_djangojob" ("next_run_time");
CREATE INDEX IF NOT EXISTS "django_apscheduler_djangojobexecution_run_time_16edd96b" ON "django_apscheduler_djangojobexecution" ("run_time");
CREATE INDEX IF NOT EXISTS "django_apscheduler_djangojobexecution_job_id_daf5090a" ON "django_apscheduler_djangojobexecution" ("job_id");
CREATE INDEX IF NOT EXISTS "posApp_inventoryrecord_product_name_id_3ce4501c" ON "posApp_inventoryrecord" ("product_name_id");
